contractSymbol,lastTradeDate,strike,bid,ask,lastPrice,put_call,exp_date
IWM210305C00198000,2021-03-03 20:50:02,198.0,20.95,21.25,22.8,call,2021-03-05
IWM210305C00199000,2021-03-02 19:50:00,199.0,19.97,20.26,22.3,call,2021-03-05
IWM210305C00200000,2021-03-03 15:16:37,200.0,18.99,19.26,21.6,call,2021-03-05
IWM210305C00201000,2021-03-03 19:31:02,201.0,18.01,18.24,18.89,call,2021-03-05
IWM210305C00202000,2021-02-25 15:04:51,202.0,17.03,17.3,19.04,call,2021-03-05
IWM210305C00202500,2021-03-01 19:08:59,202.5,16.54,16.81,20.15,call,2021-03-05
IWM210305C00203000,2021-03-02 17:42:28,203.0,16.06,16.32,20.76,call,2021-03-05
IWM210305C00204000,2021-03-02 19:40:04,204.0,15.09,15.35,19.31,call,2021-03-05
IWM210305C00205000,2021-03-02 20:59:37,205.0,14.12,14.37,17.03,call,2021-03-05
IWM210305C00206000,2021-03-03 20:56:39,206.0,13.17,13.43,14.2,call,2021-03-05
IWM210305C00207000,2021-03-03 19:04:07,207.0,12.23,12.49,14.36,call,2021-03-05
IWM210305C00207500,2021-02-26 15:17:10,207.5,11.76,12.02,16.06,call,2021-03-05
IWM210305C00208000,2021-03-03 21:11:25,208.0,11.3,11.56,11.38,call,2021-03-05
IWM210305C00209000,2021-03-02 16:48:58,209.0,10.39,10.59,13.12,call,2021-03-05
IWM210305C00210000,2021-03-03 20:25:40,210.0,9.49,9.69,9.96,call,2021-03-05
IWM210305C00211000,2021-03-03 20:58:54,211.0,8.61,8.84,9.39,call,2021-03-05
IWM210305C00212000,2021-03-03 16:30:22,212.0,7.77,8.0,11.62,call,2021-03-05
IWM210305C00212500,2021-03-01 16:19:18,212.5,7.33,7.58,13.2,call,2021-03-05
IWM210305C00213000,2021-03-02 20:49:34,213.0,6.92,7.17,7.65,call,2021-03-05
IWM210305C00214000,2021-03-03 20:58:44,214.0,6.13,6.36,6.84,call,2021-03-05
IWM210305C00215000,2021-03-03 21:09:32,215.0,5.37,5.56,5.5,call,2021-03-05
IWM210305C00216000,2021-03-03 20:42:44,216.0,4.64,4.86,4.9,call,2021-03-05
IWM210305C00217000,2021-03-03 20:58:32,217.0,3.98,4.14,4.58,call,2021-03-05
IWM210305C00217500,2021-03-03 15:53:31,217.5,3.67,3.81,4.79,call,2021-03-05
IWM210305C00218000,2021-03-03 21:14:00,218.0,3.36,3.49,3.31,call,2021-03-05
IWM210305C00219000,2021-03-03 21:13:36,219.0,2.77,2.89,2.75,call,2021-03-05
IWM210305C00220000,2021-03-03 21:14:17,220.0,2.24,2.34,2.22,call,2021-03-05
IWM210305C00221000,2021-03-03 21:10:47,221.0,1.76,1.84,1.77,call,2021-03-05
IWM210305C00222000,2021-03-03 21:09:25,222.0,1.34,1.43,1.4,call,2021-03-05
IWM210305C00222500,2021-03-03 20:57:05,222.5,1.15,1.24,1.3,call,2021-03-05
IWM210305C00223000,2021-03-03 21:13:19,223.0,0.99,1.06,1.0,call,2021-03-05
IWM210305C00224000,2021-03-03 21:14:44,224.0,0.71,0.75,0.75,call,2021-03-05
IWM210305C00225000,2021-03-03 21:10:07,225.0,0.5,0.55,0.55,call,2021-03-05
IWM210305C00226000,2021-03-03 21:14:15,226.0,0.34,0.38,0.37,call,2021-03-05
IWM210305C00227000,2021-03-03 21:10:48,227.0,0.25,0.26,0.26,call,2021-03-05
IWM210305C00227500,2021-03-03 21:14:40,227.5,0.2,0.22,0.22,call,2021-03-05
IWM210305C00228000,2021-03-03 21:14:15,228.0,0.17,0.18,0.17,call,2021-03-05
IWM210305C00229000,2021-03-03 21:08:53,229.0,0.1,0.13,0.14,call,2021-03-05
IWM210305C00230000,2021-03-03 21:08:01,230.0,0.08,0.09,0.1,call,2021-03-05
IWM210305C00231000,2021-03-03 21:09:15,231.0,0.05,0.07,0.07,call,2021-03-05
IWM210305C00232000,2021-03-03 21:13:19,232.0,0.05,0.07,0.05,call,2021-03-05
IWM210305C00232500,2021-03-03 20:03:03,232.5,0.02,0.06,0.1,call,2021-03-05
IWM210305C00233000,2021-03-03 21:08:04,233.0,0.02,0.05,0.04,call,2021-03-05
IWM210305C00234000,2021-03-03 21:03:40,234.0,0.02,0.05,0.04,call,2021-03-05
IWM210305C00235000,2021-03-03 21:09:37,235.0,0.02,0.03,0.04,call,2021-03-05
IWM210305C00236000,2021-03-03 21:06:43,236.0,0.01,0.04,0.02,call,2021-03-05
IWM210305C00237000,2021-03-03 20:19:13,237.0,0.01,0.02,0.03,call,2021-03-05
IWM210305C00237500,2021-03-02 21:13:16,237.5,0.01,0.04,0.01,call,2021-03-05
IWM210305C00238000,2021-03-03 20:39:13,238.0,0.01,0.03,0.01,call,2021-03-05
IWM210305C00239000,2021-03-03 20:39:01,239.0,0.01,0.03,0.03,call,2021-03-05
IWM210305C00240000,2021-03-03 20:58:59,240.0,0.0,0.02,0.01,call,2021-03-05
IWM210305C00241000,2021-03-01 20:04:36,241.0,0.01,0.03,0.02,call,2021-03-05
IWM210305P00197500,2021-03-03 20:54:27,197.5,0.02,0.06,0.02,put,2021-03-05
IWM210305P00198000,2021-03-03 19:24:27,198.0,0.02,0.06,0.03,put,2021-03-05
IWM210305P00199000,2021-03-02 20:53:50,199.0,0.03,0.07,0.03,put,2021-03-05
IWM210305P00200000,2021-03-03 21:10:18,200.0,0.05,0.09,0.08,put,2021-03-05
IWM210305P00201000,2021-03-03 18:19:35,201.0,0.06,0.1,0.02,put,2021-03-05
IWM210305P00202000,2021-03-03 19:31:03,202.0,0.08,0.12,0.08,put,2021-03-05
IWM210305P00202500,2021-03-03 20:51:28,202.5,0.09,0.13,0.11,put,2021-03-05
IWM210305P00203000,2021-03-03 20:55:09,203.0,0.11,0.13,0.1,put,2021-03-05
IWM210305P00204000,2021-03-03 20:55:41,204.0,0.13,0.17,0.15,put,2021-03-05
IWM210305P00205000,2021-03-03 21:11:57,205.0,0.17,0.2,0.2,put,2021-03-05
IWM210305P00206000,2021-03-03 21:12:12,206.0,0.22,0.26,0.22,put,2021-03-05
IWM210305P00207000,2021-03-03 21:01:58,207.0,0.27,0.32,0.26,put,2021-03-05
IWM210305P00207500,2021-03-03 21:08:09,207.5,0.3,0.35,0.29,put,2021-03-05
IWM210305P00208000,2021-03-03 21:13:58,208.0,0.34,0.39,0.35,put,2021-03-05
IWM210305P00209000,2021-03-03 21:05:11,209.0,0.42,0.47,0.39,put,2021-03-05
IWM210305P00210000,2021-03-03 21:11:48,210.0,0.52,0.57,0.57,put,2021-03-05
IWM210305P00211000,2021-03-03 20:59:04,211.0,0.64,0.7,0.62,put,2021-03-05
IWM210305P00212000,2021-03-03 21:01:28,212.0,0.79,0.85,0.77,put,2021-03-05
IWM210305P00212500,2021-03-03 20:57:00,212.5,0.87,0.93,0.83,put,2021-03-05
IWM210305P00213000,2021-03-03 21:08:10,213.0,0.95,1.02,0.91,put,2021-03-05
IWM210305P00214000,2021-03-03 21:14:12,214.0,1.16,1.22,1.23,put,2021-03-05
IWM210305P00215000,2021-03-03 21:14:39,215.0,1.38,1.45,1.42,put,2021-03-05
IWM210305P00216000,2021-03-03 21:10:18,216.0,1.65,1.73,1.67,put,2021-03-05
IWM210305P00217000,2021-03-03 21:12:41,217.0,1.97,2.05,2.01,put,2021-03-05
IWM210305P00217500,2021-03-03 20:59:45,217.5,2.13,2.22,2.07,put,2021-03-05
IWM210305P00218000,2021-03-03 21:14:46,218.0,2.32,2.4,2.38,put,2021-03-05
IWM210305P00219000,2021-03-03 21:14:54,219.0,2.77,2.84,2.76,put,2021-03-05
IWM210305P00220000,2021-03-03 21:14:17,220.0,3.16,3.3,3.28,put,2021-03-05
IWM210305P00221000,2021-03-03 21:01:46,221.0,3.67,3.87,3.6,put,2021-03-05
IWM210305P00222000,2021-03-03 21:13:03,222.0,4.24,4.48,4.43,put,2021-03-05
IWM210305P00222500,2021-03-03 20:57:22,222.5,4.55,4.79,4.5,put,2021-03-05
IWM210305P00223000,2021-03-03 21:12:34,223.0,4.87,5.12,5.05,put,2021-03-05
IWM210305P00224000,2021-03-03 21:09:21,224.0,5.6,5.83,5.61,put,2021-03-05
IWM210305P00225000,2021-03-03 21:12:04,225.0,6.36,6.61,6.54,put,2021-03-05
IWM210305P00226000,2021-03-03 21:06:53,226.0,7.2,7.44,7.01,put,2021-03-05
IWM210305P00227000,2021-03-03 20:47:00,227.0,8.06,8.32,8.0,put,2021-03-05
IWM210305P00227500,2021-03-03 19:13:04,227.5,8.54,8.78,6.85,put,2021-03-05
IWM210305P00228000,2021-03-03 19:56:20,228.0,8.98,9.24,6.7,put,2021-03-05
IWM210305P00229000,2021-03-02 21:01:59,229.0,9.94,10.19,9.09,put,2021-03-05
IWM210305P00230000,2021-03-03 18:23:54,230.0,10.89,11.16,10.06,put,2021-03-05
IWM210305P00231000,2021-03-02 20:21:56,231.0,11.87,12.14,8.41,put,2021-03-05
IWM210305P00232000,2021-03-02 15:34:45,232.0,12.85,13.12,8.54,put,2021-03-05
IWM210305P00233000,2021-03-02 17:01:11,233.0,13.84,14.11,10.53,put,2021-03-05
IWM210305P00234000,2021-03-03 16:44:20,234.0,14.83,15.11,11.0,put,2021-03-05
IWM210305P00235000,2021-03-03 19:41:59,235.0,15.82,16.11,13.99,put,2021-03-05
IWM210305P00236000,2021-02-25 20:33:28,236.0,16.82,17.11,11.62,put,2021-03-05
IWM210305P00237000,2021-02-25 15:29:19,237.0,17.82,18.12,12.0,put,2021-03-05
IWM210305P00237500,2021-02-10 20:47:09,237.5,18.2,18.72,13.3,put,2021-03-05
IWM210305P00238000,2021-02-23 14:50:24,238.0,18.73,19.22,22.02,put,2021-03-05
IWM210305P00239000,2021-02-25 18:02:11,239.0,19.7,20.22,20.24,put,2021-03-05
IWM210305P00240000,2021-03-02 18:30:07,240.0,20.7,21.19,17.39,put,2021-03-05
IWM210305P00241000,2021-02-19 18:15:01,241.0,21.7,22.22,16.89,put,2021-03-05
IWM210312C00197500,2021-02-18 14:55:10,197.5,21.99,22.25,25.53,call,2021-03-12
IWM210312C00198000,2021-02-04 16:09:35,198.0,21.52,21.78,21.94,call,2021-03-12
IWM210312C00199000,2021-02-19 14:33:47,199.0,20.58,20.84,24.77,call,2021-03-12
IWM210312C00200000,2021-03-02 16:24:07,200.0,19.66,19.92,23.69,call,2021-03-12
IWM210312C00202000,2021-02-01 19:10:58,202.0,17.84,18.06,13.69,call,2021-03-12
IWM210312C00203000,2021-02-03 17:58:29,203.0,16.95,17.18,19.43,call,2021-03-12
IWM210312C00204000,2021-03-03 19:23:26,204.0,16.06,16.3,17.63,call,2021-03-12
IWM210312C00205000,2021-02-26 14:53:54,205.0,15.19,15.42,16.7,call,2021-03-12
IWM210312C00206000,2021-03-02 20:21:44,206.0,14.33,14.56,17.47,call,2021-03-12
IWM210312C00207000,2021-03-02 21:07:01,207.0,13.48,13.71,13.9,call,2021-03-12
IWM210312C00208000,2021-03-03 18:59:00,208.0,12.65,12.89,13.33,call,2021-03-12
IWM210312C00209000,2021-03-01 19:05:52,209.0,11.83,12.03,18.0,call,2021-03-12
IWM210312C00210000,2021-03-02 20:58:46,210.0,11.04,11.23,14.26,call,2021-03-12
IWM210312C00211000,2021-02-26 15:15:56,211.0,10.26,10.48,11.8,call,2021-03-12
IWM210312C00212000,2021-03-03 14:59:07,212.0,9.49,9.7,11.46,call,2021-03-12
IWM210312C00212500,2021-03-03 14:38:40,212.5,9.12,9.33,12.07,call,2021-03-12
IWM210312C00213000,2021-03-03 20:58:54,213.0,8.75,8.96,9.38,call,2021-03-12
IWM210312C00214000,2021-03-03 20:40:27,214.0,8.04,8.24,8.9,call,2021-03-12
IWM210312C00215000,2021-03-03 21:09:20,215.0,7.36,7.54,7.5,call,2021-03-12
IWM210312C00216000,2021-03-02 19:14:16,216.0,6.7,6.84,9.42,call,2021-03-12
IWM210312C00217000,2021-03-03 15:26:00,217.0,6.05,6.19,8.2,call,2021-03-12
IWM210312C00217500,2021-03-03 20:55:30,217.5,5.74,5.87,6.43,call,2021-03-12
IWM210312C00218000,2021-03-03 19:17:23,218.0,5.43,5.56,6.49,call,2021-03-12
IWM210312C00219000,2021-03-03 20:05:27,219.0,4.85,4.97,5.11,call,2021-03-12
IWM210312C00220000,2021-03-03 21:08:22,220.0,4.3,4.38,4.52,call,2021-03-12
IWM210312C00221000,2021-03-03 21:04:41,221.0,3.77,3.87,4.0,call,2021-03-12
IWM210312C00222000,2021-03-03 21:00:10,222.0,3.28,3.35,3.46,call,2021-03-12
IWM210312C00222500,2021-03-03 19:32:02,222.5,3.05,3.13,3.78,call,2021-03-12
IWM210312C00223000,2021-03-03 21:12:08,223.0,2.82,2.89,2.8,call,2021-03-12
IWM210312C00224000,2021-03-03 21:10:40,224.0,2.4,2.47,2.43,call,2021-03-12
IWM210312C00225000,2021-03-03 21:11:03,225.0,2.03,2.09,2.06,call,2021-03-12
IWM210312C00226000,2021-03-03 21:04:41,226.0,1.69,1.75,1.86,call,2021-03-12
IWM210312C00227000,2021-03-03 21:12:46,227.0,1.39,1.45,1.39,call,2021-03-12
IWM210312C00227500,2021-03-03 21:09:05,227.5,1.26,1.31,1.31,call,2021-03-12
IWM210312C00228000,2021-03-03 21:09:03,228.0,1.14,1.19,1.2,call,2021-03-12
IWM210312C00229000,2021-03-03 21:10:40,229.0,0.92,0.97,0.96,call,2021-03-12
IWM210312C00230000,2021-03-03 20:58:38,230.0,0.74,0.78,0.79,call,2021-03-12
IWM210312C00231000,2021-03-03 20:55:36,231.0,0.59,0.63,0.65,call,2021-03-12
IWM210312C00232000,2021-03-03 21:12:46,232.0,0.47,0.51,0.48,call,2021-03-12
IWM210312C00232500,2021-03-03 20:15:14,232.5,0.41,0.45,0.69,call,2021-03-12
IWM210312C00233000,2021-03-03 20:57:39,233.0,0.36,0.4,0.48,call,2021-03-12
IWM210312C00234000,2021-03-03 21:11:53,234.0,0.29,0.32,0.32,call,2021-03-12
IWM210312C00235000,2021-03-03 20:59:39,235.0,0.22,0.26,0.27,call,2021-03-12
IWM210312C00236000,2021-03-03 19:00:26,236.0,0.17,0.21,0.27,call,2021-03-12
IWM210312C00237000,2021-03-03 21:01:14,237.0,0.14,0.17,0.15,call,2021-03-12
IWM210312C00237500,2021-03-03 17:09:23,237.5,0.12,0.15,0.24,call,2021-03-12
IWM210312C00238000,2021-03-03 16:58:31,238.0,0.11,0.14,0.28,call,2021-03-12
IWM210312C00239000,2021-03-03 20:58:28,239.0,0.08,0.11,0.11,call,2021-03-12
IWM210312C00240000,2021-03-03 19:30:55,240.0,0.06,0.1,0.12,call,2021-03-12
IWM210312C00241000,2021-03-03 20:56:35,241.0,0.04,0.08,0.06,call,2021-03-12
IWM210312P00197500,2021-03-03 21:11:04,197.5,0.56,0.6,0.58,put,2021-03-12
IWM210312P00198000,2021-03-03 20:57:07,198.0,0.59,0.63,0.54,put,2021-03-12
IWM210312P00199000,2021-03-03 19:23:17,199.0,0.66,0.69,0.58,put,2021-03-12
IWM210312P00199500,2021-03-03 19:40:56,199.5,0.7,0.73,0.57,put,2021-03-12
IWM210312P00200000,2021-03-03 21:14:13,200.0,0.74,0.77,0.77,put,2021-03-12
IWM210312P00201000,2021-03-03 14:48:28,201.0,0.82,0.85,0.74,put,2021-03-12
IWM210312P00202000,2021-03-03 14:48:28,202.0,0.91,0.95,0.54,put,2021-03-12
IWM210312P00202500,2021-03-03 17:07:49,202.5,0.96,1.0,0.86,put,2021-03-12
IWM210312P00203000,2021-03-03 19:19:18,203.0,1.02,1.05,0.98,put,2021-03-12
IWM210312P00204000,2021-03-03 20:58:02,204.0,1.13,1.17,0.99,put,2021-03-12
IWM210312P00205000,2021-03-03 21:10:51,205.0,1.25,1.29,1.28,put,2021-03-12
IWM210312P00206000,2021-03-03 21:01:17,206.0,1.39,1.44,1.34,put,2021-03-12
IWM210312P00207000,2021-03-03 21:08:53,207.0,1.55,1.59,1.53,put,2021-03-12
IWM210312P00207500,2021-03-03 18:53:55,207.5,1.63,1.67,1.24,put,2021-03-12
IWM210312P00208000,2021-03-03 21:08:53,208.0,1.71,1.76,1.68,put,2021-03-12
IWM210312P00209000,2021-03-03 20:35:29,209.0,1.89,1.94,1.55,put,2021-03-12
IWM210312P00210000,2021-03-03 21:12:33,210.0,2.09,2.14,2.14,put,2021-03-12
IWM210312P00211000,2021-03-03 20:56:49,211.0,2.3,2.36,2.25,put,2021-03-12
IWM210312P00212000,2021-03-03 21:08:18,212.0,2.54,2.6,2.49,put,2021-03-12
IWM210312P00212500,2021-03-03 19:28:20,212.5,2.67,2.73,2.34,put,2021-03-12
IWM210312P00213000,2021-03-03 20:03:17,213.0,2.8,2.86,2.71,put,2021-03-12
IWM210312P00214000,2021-03-03 21:14:48,214.0,3.07,3.14,3.07,put,2021-03-12
IWM210312P00215000,2021-03-03 21:12:07,215.0,3.37,3.43,3.45,put,2021-03-12
IWM210312P00216000,2021-03-03 21:12:52,216.0,3.7,3.77,3.74,put,2021-03-12
IWM210312P00217000,2021-03-03 21:00:12,217.0,4.05,4.13,3.99,put,2021-03-12
IWM210312P00217500,2021-03-03 21:10:51,217.5,4.24,4.32,4.24,put,2021-03-12
IWM210312P00218000,2021-03-03 20:59:33,218.0,4.43,4.52,4.31,put,2021-03-12
IWM210312P00219000,2021-03-03 21:11:40,219.0,4.84,4.92,4.93,put,2021-03-12
IWM210312P00220000,2021-03-03 21:10:51,220.0,5.24,5.37,5.2,put,2021-03-12
IWM210312P00221000,2021-03-03 20:40:20,221.0,5.7,5.86,4.98,put,2021-03-12
IWM210312P00222000,2021-03-03 21:10:18,222.0,6.21,6.4,6.27,put,2021-03-12
IWM210312P00222500,2021-03-03 20:50:26,222.5,6.48,6.67,5.99,put,2021-03-12
IWM210312P00223000,2021-03-03 21:12:34,223.0,6.76,6.94,6.87,put,2021-03-12
IWM210312P00224000,2021-03-03 21:09:21,224.0,7.3,7.53,7.31,put,2021-03-12
IWM210312P00225000,2021-03-03 20:51:48,225.0,7.92,8.15,7.79,put,2021-03-12
IWM210312P00226000,2021-03-03 20:19:22,226.0,8.6,8.81,7.95,put,2021-03-12
IWM210312P00227000,2021-03-03 20:59:16,227.0,9.27,9.52,9.04,put,2021-03-12
IWM210312P00227500,2021-03-03 21:01:12,227.5,9.63,9.88,9.6,put,2021-03-12
IWM210312P00228000,2021-03-03 19:38:45,228.0,10.01,10.26,8.66,put,2021-03-12
IWM210312P00229000,2021-03-03 18:15:00,229.0,10.79,11.03,7.98,put,2021-03-12
IWM210312P00230000,2021-03-03 17:23:03,230.0,11.6,11.85,8.83,put,2021-03-12
IWM210312P00231000,2021-03-02 18:03:25,231.0,12.44,12.69,10.51,put,2021-03-12
IWM210312P00232000,2021-03-03 19:11:23,232.0,13.32,13.57,11.95,put,2021-03-12
IWM210312P00232500,2021-02-24 16:59:35,232.5,13.76,14.02,12.19,put,2021-03-12
IWM210312P00233000,2021-03-03 19:55:37,233.0,14.21,14.47,12.08,put,2021-03-12
IWM210312P00234000,2021-02-24 18:31:04,234.0,15.13,15.4,9.34,put,2021-03-12
IWM210312P00235000,2021-03-02 18:03:25,235.0,16.06,16.33,12.91,put,2021-03-12
IWM210312P00236000,2021-02-22 17:00:02,236.0,17.01,17.28,11.77,put,2021-03-12
IWM210312P00237500,2021-02-24 17:33:23,237.5,18.48,18.73,12.03,put,2021-03-12
IWM210312P00238000,2021-02-24 16:00:11,238.0,18.94,19.22,14.0,put,2021-03-12
IWM210312P00239000,2021-02-25 17:14:15,239.0,19.92,20.2,17.23,put,2021-03-12
IWM210312P00240000,2021-03-03 19:45:13,240.0,20.91,21.18,19.22,put,2021-03-12
IWM210319C00198000,2021-03-02 17:10:19,198.0,22.2,22.44,25.49,call,2021-03-19
IWM210319C00199000,2021-02-26 15:16:11,199.0,21.31,21.53,19.63,call,2021-03-19
IWM210319C00200000,2021-03-03 21:00:31,200.0,20.43,20.62,20.65,call,2021-03-19
IWM210319C00201000,2021-03-03 17:50:55,201.0,19.56,19.78,23.35,call,2021-03-19
IWM210319C00202000,2021-02-25 20:52:11,202.0,18.7,18.9,21.62,call,2021-03-19
IWM210319C00203000,2021-03-02 20:14:30,203.0,17.86,18.08,20.62,call,2021-03-19
IWM210319C00204000,2021-03-01 15:46:15,204.0,17.02,17.22,22.12,call,2021-03-19
IWM210319C00205000,2021-03-03 21:11:17,205.0,16.19,16.42,16.24,call,2021-03-19
IWM210319C00206000,2021-03-01 19:07:23,206.0,15.38,15.58,16.9,call,2021-03-19
IWM210319C00207000,2021-03-03 19:30:55,207.0,14.58,14.81,15.33,call,2021-03-19
IWM210319C00208000,2021-03-03 21:11:25,208.0,13.79,13.99,13.87,call,2021-03-19
IWM210319C00209000,2021-03-03 15:03:17,209.0,13.02,13.22,14.91,call,2021-03-19
IWM210319C00210000,2021-03-03 21:00:38,210.0,12.29,12.46,12.53,call,2021-03-19
IWM210319C00211000,2021-03-03 19:30:55,211.0,11.53,11.72,12.67,call,2021-03-19
IWM210319C00212000,2021-03-03 20:25:40,212.0,10.83,10.99,12.08,call,2021-03-19
IWM210319C00213000,2021-03-03 21:07:51,213.0,10.1,10.28,10.41,call,2021-03-19
IWM210319C00214000,2021-03-03 20:58:44,214.0,9.41,9.57,9.94,call,2021-03-19
IWM210319C00215000,2021-03-03 21:00:38,215.0,8.78,8.88,8.94,call,2021-03-19
IWM210319C00216000,2021-03-03 17:44:54,216.0,8.09,8.23,9.65,call,2021-03-19
IWM210319C00217000,2021-03-03 19:12:27,217.0,7.47,7.6,8.57,call,2021-03-19
IWM210319C00217500,2021-03-03 19:12:27,217.5,7.15,7.29,7.74,call,2021-03-19
IWM210319C00218000,2021-03-03 21:14:48,218.0,6.86,6.98,6.91,call,2021-03-19
IWM210319C00219000,2021-03-03 21:04:27,219.0,6.26,6.39,6.5,call,2021-03-19
IWM210319C00220000,2021-03-03 21:10:12,220.0,5.73,5.83,5.8,call,2021-03-19
IWM210319C00221000,2021-03-03 21:10:17,221.0,5.18,5.27,5.23,call,2021-03-19
IWM210319C00222000,2021-03-03 21:14:48,222.0,4.66,4.76,4.7,call,2021-03-19
IWM210319C00222500,2021-03-03 21:06:06,222.5,4.42,4.51,4.65,call,2021-03-19
IWM210319C00223000,2021-03-03 20:55:57,223.0,4.18,4.27,4.46,call,2021-03-19
IWM210319C00224000,2021-03-03 20:58:54,224.0,3.74,3.81,4.0,call,2021-03-19
IWM210319C00225000,2021-03-03 21:14:31,225.0,3.3,3.38,3.3,call,2021-03-19
IWM210319C00226000,2021-03-03 21:14:37,226.0,2.9,2.98,2.91,call,2021-03-19
IWM210319C00227000,2021-03-03 20:59:56,227.0,2.53,2.6,2.62,call,2021-03-19
IWM210319C00227500,2021-03-03 20:52:56,227.5,2.36,2.43,2.68,call,2021-03-19
IWM210319C00228000,2021-03-03 21:10:12,228.0,2.2,2.26,2.24,call,2021-03-19
IWM210319C00229000,2021-03-03 21:10:17,229.0,1.89,1.96,1.94,call,2021-03-19
IWM210319C00230000,2021-03-03 21:10:48,230.0,1.62,1.68,1.65,call,2021-03-19
IWM210319C00231000,2021-03-03 21:10:48,231.0,1.38,1.43,1.39,call,2021-03-19
IWM210319C00232000,2021-03-03 21:05:07,232.0,1.17,1.22,1.28,call,2021-03-19
IWM210319C00232500,2021-03-03 19:38:44,232.5,1.07,1.12,1.48,call,2021-03-19
IWM210319C00233000,2021-03-03 20:57:44,233.0,0.98,1.03,1.03,call,2021-03-19
IWM210319C00234000,2021-03-03 20:59:08,234.0,0.82,0.87,0.92,call,2021-03-19
IWM210319C00235000,2021-03-03 21:14:13,235.0,0.7,0.73,0.71,call,2021-03-19
IWM210319C00236000,2021-03-03 21:02:03,236.0,0.57,0.61,0.62,call,2021-03-19
IWM210319C00237000,2021-03-03 19:01:46,237.0,0.47,0.52,0.55,call,2021-03-19
IWM210319C00238000,2021-03-03 17:20:18,238.0,0.39,0.44,0.59,call,2021-03-19
IWM210319C00239000,2021-03-03 19:08:11,239.0,0.33,0.37,0.43,call,2021-03-19
IWM210319C00240000,2021-03-03 21:11:55,240.0,0.27,0.31,0.3,call,2021-03-19
IWM210319C00241000,2021-03-03 19:04:55,241.0,0.23,0.27,0.33,call,2021-03-19
IWM210319P00198000,2021-03-03 20:42:46,198.0,1.27,1.33,1.11,put,2021-03-19
IWM210319P00199000,2021-03-03 19:06:19,199.0,1.39,1.44,1.24,put,2021-03-19
IWM210319P00200000,2021-03-03 20:59:30,200.0,1.51,1.56,1.48,put,2021-03-19
IWM210319P00201000,2021-03-03 20:59:46,201.0,1.64,1.7,1.6,put,2021-03-19
IWM210319P00202000,2021-03-03 20:58:15,202.0,1.78,1.84,1.64,put,2021-03-19
IWM210319P00203000,2021-03-03 21:14:48,203.0,1.93,1.99,1.95,put,2021-03-19
IWM210319P00204000,2021-03-03 21:09:10,204.0,2.1,2.15,2.09,put,2021-03-19
IWM210319P00205000,2021-03-03 21:09:27,205.0,2.27,2.33,2.28,put,2021-03-19
IWM210319P00206000,2021-03-03 20:50:48,206.0,2.46,2.52,2.25,put,2021-03-19
IWM210319P00207000,2021-03-03 21:02:13,207.0,2.66,2.72,2.62,put,2021-03-19
IWM210319P00208000,2021-03-03 20:55:24,208.0,2.87,2.94,2.63,put,2021-03-19
IWM210319P00209000,2021-03-03 21:09:40,209.0,3.1,3.17,3.1,put,2021-03-19
IWM210319P00210000,2021-03-03 21:09:27,210.0,3.35,3.41,3.34,put,2021-03-19
IWM210319P00211000,2021-03-03 21:02:13,211.0,3.6,3.67,3.47,put,2021-03-19
IWM210319P00212000,2021-03-03 21:09:27,212.0,3.88,3.94,3.87,put,2021-03-19
IWM210319P00213000,2021-03-03 21:03:06,213.0,4.17,4.23,4.08,put,2021-03-19
IWM210319P00214000,2021-03-03 20:43:33,214.0,4.47,4.54,4.3,put,2021-03-19
IWM210319P00215000,2021-03-03 21:11:23,215.0,4.8,4.86,4.88,put,2021-03-19
IWM210319P00216000,2021-03-03 21:00:14,216.0,5.14,5.21,5.1,put,2021-03-19
IWM210319P00217000,2021-03-03 21:00:09,217.0,5.51,5.58,5.41,put,2021-03-19
IWM210319P00217500,2021-03-02 20:43:53,217.5,5.7,5.77,5.27,put,2021-03-19
IWM210319P00218000,2021-03-03 20:58:33,218.0,5.89,5.97,5.75,put,2021-03-19
IWM210319P00219000,2021-03-03 20:56:20,219.0,6.3,6.38,6.23,put,2021-03-19
IWM210319P00220000,2021-03-03 21:10:53,220.0,6.71,6.83,6.79,put,2021-03-19
IWM210319P00221000,2021-03-03 21:00:33,221.0,7.17,7.31,7.15,put,2021-03-19
IWM210319P00222000,2021-03-03 21:09:03,222.0,7.65,7.81,7.62,put,2021-03-19
IWM210319P00222500,2021-03-03 20:27:10,222.5,7.93,8.07,7.84,put,2021-03-19
IWM210319P00223000,2021-03-03 20:57:16,223.0,8.19,8.33,8.07,put,2021-03-19
IWM210319P00224000,2021-03-03 20:58:46,224.0,8.72,8.88,8.3,put,2021-03-19
IWM210319P00225000,2021-03-03 21:01:14,225.0,9.27,9.44,9.17,put,2021-03-19
IWM210319P00226000,2021-03-03 20:47:17,226.0,9.85,10.05,9.22,put,2021-03-19
IWM210319P00227000,2021-03-03 17:37:37,227.0,10.45,10.68,9.08,put,2021-03-19
IWM210319P00227500,2021-03-03 14:35:52,227.5,10.82,11.01,8.06,put,2021-03-19
IWM210319P00228000,2021-03-03 17:27:01,228.0,11.14,11.35,8.87,put,2021-03-19
IWM210319P00229000,2021-03-03 21:14:15,229.0,11.83,12.02,12.0,put,2021-03-19
IWM210319P00230000,2021-03-03 20:46:01,230.0,12.54,12.75,11.88,put,2021-03-19
IWM210319P00231000,2021-03-03 14:55:30,231.0,13.27,13.52,11.88,put,2021-03-19
IWM210319P00232000,2021-03-02 17:21:18,232.0,14.05,14.3,14.0,put,2021-03-19
IWM210319P00232500,2021-03-02 17:25:03,232.5,14.45,14.7,11.44,put,2021-03-19
IWM210319P00233000,2021-03-03 17:34:09,233.0,14.86,15.11,12.09,put,2021-03-19
IWM210319P00234000,2021-03-03 20:16:46,234.0,15.69,15.95,13.84,put,2021-03-19
IWM210319P00235000,2021-03-03 19:08:46,235.0,16.55,16.81,16.47,put,2021-03-19
IWM210319P00236000,2021-02-26 20:22:20,236.0,17.43,17.69,16.74,put,2021-03-19
IWM210319P00237000,2021-02-24 16:59:35,237.0,18.33,18.6,15.15,put,2021-03-19
IWM210319P00238000,2021-02-25 17:46:28,238.0,19.25,19.52,18.12,put,2021-03-19
IWM210319P00239000,2021-02-26 17:48:39,239.0,20.18,20.45,18.22,put,2021-03-19
IWM210319P00240000,2021-03-02 17:39:11,240.0,21.12,21.4,17.03,put,2021-03-19
IWM210319P00241000,2021-02-22 15:44:05,241.0,22.08,22.36,17.16,put,2021-03-19
IWM210326C00197500,2021-03-01 20:02:49,197.5,23.24,23.48,29.99,call,2021-03-26
IWM210326C00200000,2021-03-03 19:27:01,200.0,21.09,21.3,22.3,call,2021-03-26
IWM210326C00202000,2021-02-25 14:52:51,202.0,19.4,19.65,22.16,call,2021-03-26
IWM210326C00202500,2021-02-05 19:13:04,202.5,19.0,19.23,21.37,call,2021-03-26
IWM210326C00205000,2021-03-02 20:59:37,205.0,16.96,17.18,19.32,call,2021-03-26
IWM210326C00206000,2021-02-26 14:58:13,206.0,16.17,16.4,18.68,call,2021-03-26
IWM210326C00207000,2021-02-26 14:58:13,207.0,15.39,15.62,16.23,call,2021-03-26
IWM210326C00207500,2021-02-26 17:09:47,207.5,15.01,15.21,17.06,call,2021-03-26
IWM210326C00209000,2021-02-24 16:17:27,209.0,13.88,14.09,19.04,call,2021-03-26
IWM210326C00210000,2021-03-03 17:59:45,210.0,13.13,13.34,15.2,call,2021-03-26
IWM210326C00211000,2021-02-26 15:13:00,211.0,12.41,12.61,16.2,call,2021-03-26
IWM210326C00212000,2021-02-26 14:30:05,212.0,11.69,11.9,13.8,call,2021-03-26
IWM210326C00212500,2021-02-08 15:55:36,212.5,11.34,11.55,14.0,call,2021-03-26
IWM210326C00213000,2021-02-26 15:50:11,213.0,11.0,11.18,11.15,call,2021-03-26
IWM210326C00214000,2021-02-26 19:25:37,214.0,10.32,10.47,15.4,call,2021-03-26
IWM210326C00215000,2021-03-03 18:10:44,215.0,9.66,9.8,12.16,call,2021-03-26
IWM210326C00216000,2021-02-26 16:05:55,216.0,9.02,9.16,11.05,call,2021-03-26
IWM210326C00217000,2021-03-02 18:52:40,217.0,8.39,8.53,11.24,call,2021-03-26
IWM210326C00217500,2021-03-02 19:56:14,217.5,8.09,8.21,10.82,call,2021-03-26
IWM210326C00218000,2021-03-03 17:00:22,218.0,7.78,7.92,10.16,call,2021-03-26
IWM210326C00219000,2021-03-03 20:59:13,219.0,7.2,7.32,7.55,call,2021-03-26
IWM210326C00220000,2021-03-03 21:13:28,220.0,6.64,6.75,6.68,call,2021-03-26
IWM210326C00221000,2021-03-03 19:10:05,221.0,6.1,6.21,6.38,call,2021-03-26
IWM210326C00222000,2021-03-03 14:37:46,222.0,5.58,5.69,6.82,call,2021-03-26
IWM210326C00222500,2021-03-02 19:56:14,222.5,5.33,5.44,6.92,call,2021-03-26
IWM210326C00223000,2021-03-03 19:19:06,223.0,5.09,5.2,5.89,call,2021-03-26
IWM210326C00224000,2021-03-03 20:54:21,224.0,4.61,4.73,5.06,call,2021-03-26
IWM210326C00225000,2021-03-03 19:38:29,225.0,4.17,4.28,4.57,call,2021-03-26
IWM210326C00226000,2021-03-03 19:03:49,226.0,3.76,3.86,4.76,call,2021-03-26
IWM210326C00227000,2021-03-02 20:58:43,227.0,3.37,3.46,4.16,call,2021-03-26
IWM210326C00227500,2021-03-03 19:31:55,227.5,3.18,3.28,3.53,call,2021-03-26
IWM210326C00228000,2021-03-03 20:39:42,228.0,3.0,3.1,3.59,call,2021-03-26
IWM210326C00229000,2021-03-02 18:29:24,229.0,2.66,2.75,3.9,call,2021-03-26
IWM210326C00230000,2021-03-03 21:13:44,230.0,2.35,2.43,2.39,call,2021-03-26
IWM210326C00231000,2021-03-03 19:23:43,231.0,2.07,2.14,2.54,call,2021-03-26
IWM210326C00232000,2021-03-03 21:14:59,232.0,1.81,1.88,1.86,call,2021-03-26
IWM210326C00232500,2021-03-03 16:29:34,232.5,1.69,1.76,2.28,call,2021-03-26
IWM210326C00233000,2021-03-03 18:58:54,233.0,1.58,1.64,2.2,call,2021-03-26
IWM210326C00234000,2021-03-02 19:13:21,234.0,1.37,1.43,2.18,call,2021-03-26
IWM210326C00235000,2021-03-03 20:30:00,235.0,1.19,1.24,1.36,call,2021-03-26
IWM210326C00236000,2021-03-03 19:28:20,236.0,1.02,1.08,1.25,call,2021-03-26
IWM210326C00237000,2021-03-03 18:32:44,237.0,0.88,0.93,1.05,call,2021-03-26
IWM210326C00237500,2021-03-03 19:05:18,237.5,0.82,0.87,1.05,call,2021-03-26
IWM210326C00238000,2021-03-03 18:12:25,238.0,0.76,0.8,1.22,call,2021-03-26
IWM210326C00239000,2021-03-02 14:33:04,239.0,0.65,0.69,1.11,call,2021-03-26
IWM210326C00240000,2021-03-03 19:52:07,240.0,0.56,0.6,0.64,call,2021-03-26
IWM210326C00241000,2021-03-01 16:07:35,241.0,0.47,0.52,0.83,call,2021-03-26
IWM210326P00197500,2021-03-02 21:00:15,197.5,1.97,2.04,1.35,put,2021-03-26
IWM210326P00199000,2021-03-01 17:11:36,199.0,2.19,2.25,1.54,put,2021-03-26
IWM210326P00200000,2021-03-03 19:52:07,200.0,2.34,2.4,2.18,put,2021-03-26
IWM210326P00201000,2021-03-03 18:28:36,201.0,2.5,2.57,1.71,put,2021-03-26
IWM210326P00202000,2021-03-01 20:41:52,202.0,2.67,2.74,1.99,put,2021-03-26
IWM210326P00202500,2021-03-03 16:35:27,202.5,2.76,2.83,1.78,put,2021-03-26
IWM210326P00203000,2021-03-03 18:28:36,203.0,2.85,2.92,1.98,put,2021-03-26
IWM210326P00204000,2021-03-02 19:38:53,204.0,3.04,3.11,2.19,put,2021-03-26
IWM210326P00205000,2021-03-03 19:34:17,205.0,3.24,3.31,2.8,put,2021-03-26
IWM210326P00206000,2021-03-03 19:31:52,206.0,3.46,3.53,3.28,put,2021-03-26
IWM210326P00207000,2021-03-03 20:59:42,207.0,3.69,3.76,3.68,put,2021-03-26
IWM210326P00207500,2021-03-03 18:23:44,207.5,3.8,3.88,2.75,put,2021-03-26
IWM210326P00208000,2021-03-03 16:28:28,208.0,3.92,4.0,3.56,put,2021-03-26
IWM210326P00209000,2021-03-03 19:31:52,209.0,4.17,4.26,3.96,put,2021-03-26
IWM210326P00210000,2021-03-03 21:10:42,210.0,4.44,4.52,4.52,put,2021-03-26
IWM210326P00211000,2021-03-03 18:56:03,211.0,4.72,4.81,4.2,put,2021-03-26
IWM210326P00212000,2021-03-03 20:59:42,212.0,5.01,5.1,4.97,put,2021-03-26
IWM210326P00212500,2021-03-03 18:23:44,212.5,5.16,5.26,3.8,put,2021-03-26
IWM210326P00213000,2021-03-01 20:39:13,213.0,5.31,5.42,4.39,put,2021-03-26
IWM210326P00214000,2021-03-03 19:13:54,214.0,5.64,5.75,5.13,put,2021-03-26
IWM210326P00215000,2021-03-03 19:39:59,215.0,5.98,6.09,5.02,put,2021-03-26
IWM210326P00216000,2021-03-03 20:42:03,216.0,6.34,6.45,5.86,put,2021-03-26
IWM210326P00217000,2021-03-03 20:42:03,217.0,6.72,6.83,6.2,put,2021-03-26
IWM210326P00217500,2021-03-03 19:05:18,217.5,6.92,7.03,6.23,put,2021-03-26
IWM210326P00218000,2021-03-03 19:53:16,218.0,7.12,7.23,6.08,put,2021-03-26
IWM210326P00219000,2021-03-03 15:20:03,219.0,7.54,7.66,7.06,put,2021-03-26
IWM210326P00220000,2021-03-03 19:05:18,220.0,7.97,8.1,7.7,put,2021-03-26
IWM210326P00221000,2021-03-03 20:36:02,221.0,8.43,8.6,7.55,put,2021-03-26
IWM210326P00222000,2021-03-03 17:52:04,222.0,8.9,9.1,6.8,put,2021-03-26
IWM210326P00222500,2021-03-03 19:34:04,222.5,9.16,9.36,8.85,put,2021-03-26
IWM210326P00223000,2021-03-03 20:10:34,223.0,9.41,9.62,8.25,put,2021-03-26
IWM210326P00224000,2021-03-03 16:25:27,224.0,9.96,10.15,8.92,put,2021-03-26
IWM210326P00225000,2021-03-03 20:52:18,225.0,10.5,10.72,9.78,put,2021-03-26
IWM210326P00226000,2021-03-03 15:35:56,226.0,11.09,11.31,10.22,put,2021-03-26
IWM210326P00227000,2021-03-03 21:10:18,227.0,11.72,11.92,11.77,put,2021-03-26
IWM210326P00227500,2021-03-01 20:22:28,227.5,12.04,12.24,9.67,put,2021-03-26
IWM210326P00228000,2021-03-03 19:17:25,228.0,12.35,12.56,11.29,put,2021-03-26
IWM210326P00229000,2021-03-03 19:24:40,229.0,13.0,13.23,11.86,put,2021-03-26
IWM210326P00230000,2021-02-26 15:26:21,230.0,13.71,13.93,13.0,put,2021-03-26
IWM210326P00231000,2021-03-02 17:28:30,231.0,14.4,14.65,13.36,put,2021-03-26
IWM210326P00232000,2021-02-25 15:05:34,232.0,15.16,15.39,12.18,put,2021-03-26
IWM210326P00232500,2021-03-03 19:17:25,232.5,15.52,15.77,14.33,put,2021-03-26
IWM210326P00233000,2021-03-03 19:17:25,233.0,15.92,16.16,14.7,put,2021-03-26
IWM210326P00234000,2021-02-26 16:39:24,234.0,16.71,16.95,16.41,put,2021-03-26
IWM210326P00235000,2021-03-02 14:50:38,235.0,17.51,17.77,13.85,put,2021-03-26
IWM210326P00237000,2021-02-25 19:26:44,237.0,19.2,19.46,16.58,put,2021-03-26
IWM210326P00237500,2021-02-25 16:56:01,237.5,19.66,19.9,15.56,put,2021-03-26
IWM210326P00239000,2021-02-24 18:50:15,239.0,20.96,21.23,14.84,put,2021-03-26
IWM210326P00240000,2021-03-01 19:09:45,240.0,21.88,22.14,21.11,put,2021-03-26
IWM210331C00198000,2021-02-19 16:48:10,198.0,23.14,23.4,30.0,call,2021-03-31
IWM210331C00199000,2021-03-01 15:54:16,199.0,22.29,22.55,27.06,call,2021-03-31
IWM210331C00200000,2021-02-26 16:30:32,200.0,21.45,21.72,25.36,call,2021-03-31
IWM210331C00201000,2021-02-24 18:50:32,201.0,20.62,20.87,27.57,call,2021-03-31
IWM210331C00202000,2021-02-09 16:39:04,202.0,19.8,20.04,28.45,call,2021-03-31
IWM210331C00203000,2021-02-24 18:50:32,203.0,18.98,19.24,25.79,call,2021-03-31
IWM210331C00204000,2021-02-25 17:25:59,204.0,18.18,18.43,20.62,call,2021-03-31
IWM210331C00205000,2021-03-02 15:55:59,205.0,17.39,17.64,21.62,call,2021-03-31
IWM210331C00206000,2021-02-25 14:38:45,206.0,16.61,16.85,23.51,call,2021-03-31
IWM210331C00207000,2021-02-09 17:51:16,207.0,15.85,16.08,25.5,call,2021-03-31
IWM210331C00208000,2021-02-25 14:38:45,208.0,15.09,15.32,16.02,call,2021-03-31
IWM210331C00209000,2021-02-18 20:43:28,209.0,14.35,14.57,16.53,call,2021-03-31
IWM210331C00210000,2021-03-03 14:59:39,210.0,13.62,13.83,14.43,call,2021-03-31
IWM210331C00211000,2021-02-26 18:01:01,211.0,12.9,13.12,15.88,call,2021-03-31
IWM210331C00212000,2021-03-01 19:57:52,212.0,12.2,12.42,13.06,call,2021-03-31
IWM210331C00213000,2021-02-26 18:48:17,213.0,11.54,11.7,12.49,call,2021-03-31
IWM210331C00214000,2021-02-26 14:50:28,214.0,10.86,11.02,12.66,call,2021-03-31
IWM210331C00215000,2021-03-03 16:46:39,215.0,10.22,10.36,12.73,call,2021-03-31
IWM210331C00216000,2021-02-26 16:07:04,216.0,9.57,9.72,13.37,call,2021-03-31
IWM210331C00217000,2021-03-01 19:19:37,217.0,8.96,9.1,13.37,call,2021-03-31
IWM210331C00218000,2021-03-03 21:00:18,218.0,8.36,8.5,8.51,call,2021-03-31
IWM210331C00219000,2021-02-26 17:31:35,219.0,7.77,7.91,9.08,call,2021-03-31
IWM210331C00220000,2021-03-03 18:42:27,220.0,7.22,7.32,7.8,call,2021-03-31
IWM210331C00221000,2021-03-03 17:26:05,221.0,6.67,6.77,8.52,call,2021-03-31
IWM210331C00222000,2021-03-03 20:20:32,222.0,6.15,6.25,6.58,call,2021-03-31
IWM210331C00223000,2021-03-03 16:40:46,223.0,5.65,5.75,7.65,call,2021-03-31
IWM210331C00224000,2021-03-03 20:41:12,224.0,5.18,5.27,5.88,call,2021-03-31
IWM210331C00225000,2021-03-03 20:35:27,225.0,4.73,4.82,5.55,call,2021-03-31
IWM210331C00226000,2021-03-03 18:09:44,226.0,4.29,4.39,4.63,call,2021-03-31
IWM210331C00227000,2021-03-03 19:31:49,227.0,3.89,3.99,4.24,call,2021-03-31
IWM210331C00228000,2021-03-03 18:42:27,228.0,3.5,3.6,4.94,call,2021-03-31
IWM210331C00229000,2021-03-02 15:15:32,229.0,3.15,3.24,3.45,call,2021-03-31
IWM210331C00230000,2021-03-03 20:58:45,230.0,2.82,2.91,3.05,call,2021-03-31
IWM210331C00231000,2021-03-03 20:03:52,231.0,2.52,2.59,2.97,call,2021-03-31
IWM210331C00232000,2021-03-02 20:20:56,232.0,2.23,2.31,3.11,call,2021-03-31
IWM210331C00233000,2021-03-03 16:29:34,233.0,1.97,2.05,3.18,call,2021-03-31
IWM210331C00234000,2021-03-02 20:35:03,234.0,1.74,1.81,2.59,call,2021-03-31
IWM210331C00235000,2021-03-03 20:41:12,235.0,1.53,1.59,1.71,call,2021-03-31
IWM210331C00236000,2021-03-02 20:44:43,236.0,1.34,1.4,1.96,call,2021-03-31
IWM210331C00237000,2021-02-26 15:12:44,237.0,1.17,1.23,1.96,call,2021-03-31
IWM210331C00238000,2021-03-03 18:47:23,238.0,1.02,1.08,1.5,call,2021-03-31
IWM210331C00240000,2021-03-03 18:58:03,240.0,0.77,0.83,0.96,call,2021-03-31
IWM210331C00241000,2021-03-03 16:11:47,241.0,0.67,0.73,1.04,call,2021-03-31
IWM210331P00198000,2021-03-02 19:49:59,198.0,2.48,2.57,2.2,put,2021-03-31
IWM210331P00199000,2021-02-26 15:02:43,199.0,2.63,2.72,3.74,put,2021-03-31
IWM210331P00200000,2021-03-03 19:41:34,200.0,2.8,2.89,2.67,put,2021-03-31
IWM210331P00201000,2021-03-02 15:41:48,201.0,2.97,3.07,2.45,put,2021-03-31
IWM210331P00202000,2021-03-02 17:41:46,202.0,3.15,3.25,2.77,put,2021-03-31
IWM210331P00203000,2021-03-02 18:49:53,203.0,3.35,3.45,2.33,put,2021-03-31
IWM210331P00204000,2021-03-01 20:41:40,204.0,3.55,3.65,2.56,put,2021-03-31
IWM210331P00205000,2021-03-03 21:03:00,205.0,3.76,3.86,3.72,put,2021-03-31
IWM210331P00206000,2021-03-01 20:41:24,206.0,3.99,4.09,3.12,put,2021-03-31
IWM210331P00207000,2021-03-01 20:41:13,207.0,4.22,4.33,3.5,put,2021-03-31
IWM210331P00208000,2021-03-03 15:45:00,208.0,4.47,4.58,3.8,put,2021-03-31
IWM210331P00209000,2021-03-01 20:41:01,209.0,4.73,4.84,3.16,put,2021-03-31
IWM210331P00210000,2021-03-03 21:07:26,210.0,5.01,5.12,4.94,put,2021-03-31
IWM210331P00211000,2021-03-02 20:58:13,211.0,5.29,5.41,4.96,put,2021-03-31
IWM210331P00212000,2021-03-03 19:35:03,212.0,5.59,5.71,5.02,put,2021-03-31
IWM210331P00213000,2021-03-03 20:58:32,213.0,5.91,6.02,5.83,put,2021-03-31
IWM210331P00214000,2021-03-03 19:35:03,214.0,6.24,6.36,6.05,put,2021-03-31
IWM210331P00215000,2021-03-03 20:06:58,215.0,6.6,6.71,5.58,put,2021-03-31
IWM210331P00216000,2021-03-03 15:28:03,216.0,6.96,7.07,6.26,put,2021-03-31
IWM210331P00217000,2021-03-03 15:41:43,217.0,7.34,7.46,5.84,put,2021-03-31
IWM210331P00218000,2021-03-03 20:52:51,218.0,7.74,7.86,7.32,put,2021-03-31
IWM210331P00219000,2021-03-03 15:10:10,219.0,8.16,8.28,7.79,put,2021-03-31
IWM210331P00220000,2021-03-03 20:15:08,220.0,8.61,8.76,8.51,put,2021-03-31
IWM210331P00221000,2021-03-03 20:27:25,221.0,9.06,9.23,8.17,put,2021-03-31
IWM210331P00222000,2021-03-03 19:52:59,222.0,9.53,9.71,9.3,put,2021-03-31
IWM210331P00223000,2021-03-03 19:13:26,223.0,10.03,10.23,8.95,put,2021-03-31
IWM210331P00224000,2021-03-02 21:01:28,224.0,10.55,10.76,8.8,put,2021-03-31
IWM210331P00225000,2021-03-03 17:26:22,225.0,11.1,11.31,11.01,put,2021-03-31
IWM210331P00226000,2021-03-01 18:51:09,226.0,11.66,11.89,9.25,put,2021-03-31
IWM210331P00227000,2021-03-03 15:22:46,227.0,12.26,12.49,10.1,put,2021-03-31
IWM210331P00228000,2021-03-03 14:43:27,228.0,12.87,13.11,12.33,put,2021-03-31
IWM210331P00229000,2021-03-03 14:43:27,229.0,13.52,13.76,11.63,put,2021-03-31
IWM210331P00230000,2021-03-03 15:54:46,230.0,14.16,14.44,11.9,put,2021-03-31
IWM210331P00231000,2021-02-23 20:28:20,231.0,14.88,15.14,13.0,put,2021-03-31
IWM210331P00232000,2021-02-16 19:22:54,232.0,15.57,15.86,12.17,put,2021-03-31
IWM210331P00233000,2021-02-18 20:43:28,233.0,16.31,16.6,15.56,put,2021-03-31
IWM210331P00234000,2021-02-25 15:56:48,234.0,17.07,17.37,13.75,put,2021-03-31
IWM210331P00235000,2021-03-03 18:21:19,235.0,17.88,18.16,16.0,put,2021-03-31
IWM210331P00240000,2021-03-01 19:58:01,240.0,22.09,22.4,18.89,put,2021-03-31
IWM210401C00200000,2021-03-03 20:50:10,200.0,21.56,21.81,22.87,call,2021-04-01
IWM210401C00201000,2021-02-26 15:50:12,201.0,20.73,20.98,22.14,call,2021-04-01
IWM210401C00202000,2021-02-26 15:50:12,202.0,19.92,20.19,19.66,call,2021-04-01
IWM210401C00202500,2021-02-26 15:50:12,202.5,19.51,19.75,19.28,call,2021-04-01
IWM210401C00205000,2021-02-16 15:30:58,205.0,17.52,17.75,26.3,call,2021-04-01
IWM210401C00207500,2021-02-17 15:27:05,207.5,15.6,15.85,20.24,call,2021-04-01
IWM210401C00210000,2021-03-02 14:53:05,210.0,13.76,14.0,15.23,call,2021-04-01
IWM210401C00211000,2021-02-19 15:34:26,211.0,13.04,13.28,17.3,call,2021-04-01
IWM210401C00212000,2021-03-03 14:43:55,212.0,12.34,12.56,14.39,call,2021-04-01
IWM210401C00212500,2021-02-26 15:37:02,212.5,12.0,12.18,11.15,call,2021-04-01
IWM210401C00213000,2021-02-26 15:37:02,213.0,11.67,11.83,10.84,call,2021-04-01
IWM210401C00214000,2021-03-03 20:40:48,214.0,11.0,11.16,12.0,call,2021-04-01
IWM210401C00215000,2021-03-01 21:09:09,215.0,10.36,10.5,13.54,call,2021-04-01
IWM210401C00216000,2021-02-26 18:15:41,216.0,9.71,9.86,11.71,call,2021-04-01
IWM210401C00217000,2021-03-01 17:22:11,217.0,9.1,9.24,10.36,call,2021-04-01
IWM210401C00217500,2021-03-01 14:45:16,217.5,8.8,8.94,12.0,call,2021-04-01
IWM210401C00218000,2021-03-03 18:55:04,218.0,8.5,8.64,10.16,call,2021-04-01
IWM210401C00219000,2021-03-03 14:43:58,219.0,7.91,8.05,9.61,call,2021-04-01
IWM210401C00220000,2021-03-03 20:36:57,220.0,7.36,7.48,7.93,call,2021-04-01
IWM210401C00221000,2021-03-03 14:43:58,221.0,6.81,6.93,7.32,call,2021-04-01
IWM210401C00222000,2021-03-03 20:15:45,222.0,6.29,6.41,7.4,call,2021-04-01
IWM210401C00222500,2021-03-03 19:12:51,222.5,6.04,6.16,7.07,call,2021-04-01
IWM210401C00223000,2021-03-03 18:59:53,223.0,5.79,5.91,6.59,call,2021-04-01
IWM210401C00224000,2021-03-03 19:41:14,224.0,5.32,5.43,6.21,call,2021-04-01
IWM210401C00225000,2021-03-03 21:10:43,225.0,4.87,4.98,4.9,call,2021-04-01
IWM210401C00226000,2021-03-03 20:56:09,226.0,4.43,4.55,4.85,call,2021-04-01
IWM210401C00227000,2021-03-03 16:03:05,227.0,4.02,4.14,4.77,call,2021-04-01
IWM210401C00227500,2021-03-02 20:53:39,227.5,3.83,3.94,5.01,call,2021-04-01
IWM210401C00228000,2021-03-03 21:01:57,228.0,3.64,3.75,3.8,call,2021-04-01
IWM210401C00229000,2021-03-03 18:53:00,229.0,3.29,3.38,3.65,call,2021-04-01
IWM210401C00230000,2021-03-03 20:57:30,230.0,2.95,3.04,3.28,call,2021-04-01
IWM210401C00231000,2021-03-01 18:54:29,231.0,2.64,2.72,3.25,call,2021-04-01
IWM210401C00232000,2021-03-03 18:51:23,232.0,2.36,2.43,3.29,call,2021-04-01
IWM210401C00232500,2021-03-01 18:47:00,232.5,2.22,2.3,3.13,call,2021-04-01
IWM210401C00233000,2021-03-03 16:43:04,233.0,2.09,2.17,2.44,call,2021-04-01
IWM210401C00234000,2021-03-03 18:37:53,234.0,1.85,1.93,2.8,call,2021-04-01
IWM210401C00235000,2021-03-03 16:59:14,235.0,1.64,1.7,1.86,call,2021-04-01
IWM210401C00236000,2021-03-03 16:41:30,236.0,1.44,1.51,2.18,call,2021-04-01
IWM210401C00237000,2021-02-26 17:45:01,237.0,1.26,1.33,2.2,call,2021-04-01
IWM210401C00237500,2021-03-03 20:55:49,237.5,1.18,1.24,1.36,call,2021-04-01
IWM210401C00238000,2021-03-02 18:59:35,238.0,1.11,1.17,1.67,call,2021-04-01
IWM210401C00239000,2021-03-02 16:45:37,239.0,0.97,1.03,1.35,call,2021-04-01
IWM210401C00240000,2021-03-03 16:20:44,240.0,0.85,0.9,1.28,call,2021-04-01
IWM210401C00241000,2021-03-02 16:39:11,241.0,0.74,0.79,1.1,call,2021-04-01
IWM210401P00197500,2021-03-03 19:12:51,197.5,2.52,2.61,2.19,put,2021-04-01
IWM210401P00199000,2021-03-02 15:26:59,199.0,2.76,2.85,2.18,put,2021-04-01
IWM210401P00200000,2021-03-03 20:57:53,200.0,2.93,3.01,2.74,put,2021-04-01
IWM210401P00201000,2021-03-03 16:46:46,201.0,3.1,3.2,2.91,put,2021-04-01
IWM210401P00202000,2021-02-25 16:03:23,202.0,3.29,3.38,2.77,put,2021-04-01
IWM210401P00202500,2021-02-26 15:39:28,202.5,3.39,3.48,4.8,put,2021-04-01
IWM210401P00203000,2021-03-01 20:47:22,203.0,3.49,3.58,2.35,put,2021-04-01
IWM210401P00204000,2021-03-01 19:45:13,204.0,3.7,3.79,2.33,put,2021-04-01
IWM210401P00205000,2021-03-03 20:55:42,205.0,3.91,4.0,3.68,put,2021-04-01
IWM210401P00206000,2021-03-03 19:37:27,206.0,4.13,4.24,3.75,put,2021-04-01
IWM210401P00207000,2021-03-02 19:54:00,207.0,4.37,4.48,3.56,put,2021-04-01
IWM210401P00207500,2021-03-03 19:47:57,207.5,4.5,4.6,4.13,put,2021-04-01
IWM210401P00208000,2021-03-03 16:28:28,208.0,4.62,4.73,3.26,put,2021-04-01
IWM210401P00209000,2021-03-03 20:15:22,209.0,4.89,4.99,4.15,put,2021-04-01
IWM210401P00210000,2021-03-03 20:55:42,210.0,5.16,5.27,4.82,put,2021-04-01
IWM210401P00211000,2021-03-03 15:27:19,211.0,5.45,5.57,4.75,put,2021-04-01
IWM210401P00212000,2021-03-02 18:13:50,212.0,5.75,5.87,5.41,put,2021-04-01
IWM210401P00212500,2021-02-26 20:44:33,212.5,5.91,6.03,6.03,put,2021-04-01
IWM210401P00213000,2021-03-03 20:14:54,213.0,6.07,6.19,5.09,put,2021-04-01
IWM210401P00214000,2021-03-02 17:55:21,214.0,6.4,6.53,5.97,put,2021-04-01
IWM210401P00215000,2021-03-03 20:55:28,215.0,6.75,6.88,6.37,put,2021-04-01
IWM210401P00216000,2021-03-03 20:56:59,216.0,7.12,7.25,6.75,put,2021-04-01
IWM210401P00217000,2021-03-03 19:12:24,217.0,7.5,7.63,6.68,put,2021-04-01
IWM210401P00217500,2021-03-02 15:37:44,217.5,7.7,7.83,6.35,put,2021-04-01
IWM210401P00218000,2021-03-03 20:56:59,218.0,7.91,8.04,7.5,put,2021-04-01
IWM210401P00219000,2021-03-01 15:06:03,219.0,8.33,8.46,6.6,put,2021-04-01
IWM210401P00220000,2021-03-03 21:00:17,220.0,8.76,8.91,8.73,put,2021-04-01
IWM210401P00221000,2021-03-03 20:36:41,221.0,9.22,9.38,8.44,put,2021-04-01
IWM210401P00222000,2021-03-03 19:45:40,222.0,9.7,9.87,8.79,put,2021-04-01
IWM210401P00222500,2021-03-03 19:39:00,222.5,9.9,10.14,8.94,put,2021-04-01
IWM210401P00223000,2021-03-03 18:52:48,223.0,10.18,10.39,8.5,put,2021-04-01
IWM210401P00224000,2021-03-03 17:02:27,224.0,10.7,10.92,8.5,put,2021-04-01
IWM210401P00225000,2021-03-03 20:20:57,225.0,11.23,11.47,9.85,put,2021-04-01
IWM210401P00226000,2021-03-02 20:59:28,226.0,11.79,12.04,10.35,put,2021-04-01
IWM210401P00227000,2021-03-01 21:11:54,227.0,12.41,12.64,8.34,put,2021-04-01
IWM210401P00227500,2021-03-01 20:24:14,227.5,12.68,12.95,8.64,put,2021-04-01
IWM210401P00228000,2021-03-02 15:39:41,228.0,13.0,13.26,10.35,put,2021-04-01
IWM210401P00229000,2021-02-26 15:11:44,229.0,13.64,13.91,16.65,put,2021-04-01
IWM210401P00230000,2021-03-02 16:27:41,230.0,14.3,14.58,11.6,put,2021-04-01
IWM210401P00231000,2021-02-23 18:43:48,231.0,14.99,15.27,15.97,put,2021-04-01
IWM210401P00232000,2021-02-24 21:13:37,232.0,15.7,15.99,10.72,put,2021-04-01
IWM210401P00232500,2021-02-23 20:11:06,232.5,16.07,16.36,15.1,put,2021-04-01
IWM210401P00233000,2021-02-24 14:39:01,233.0,16.44,16.73,14.73,put,2021-04-01
IWM210401P00235000,2021-02-25 21:14:36,235.0,17.98,18.27,19.16,put,2021-04-01
IWM210401P00237000,2021-02-17 16:26:22,237.0,19.61,19.9,18.76,put,2021-04-01
IWM210401P00238000,2021-02-25 14:53:36,238.0,20.44,20.74,14.57,put,2021-04-01
IWM210401P00240000,2021-02-16 05:08:47,240.0,22.17,22.48,17.6,put,2021-04-01
IWM210409C00197500,2021-02-26 20:32:37,197.5,24.22,24.48,25.15,call,2021-04-09
IWM210409C00200000,2021-03-02 17:44:28,200.0,22.16,22.41,23.93,call,2021-04-09
IWM210409C00207500,2021-02-26 14:51:16,207.5,16.32,16.54,17.9,call,2021-04-09
IWM210409C00210000,2021-02-26 19:45:47,210.0,14.51,14.72,15.14,call,2021-04-09
IWM210409C00212500,2021-03-01 18:37:30,212.5,12.78,12.94,17.55,call,2021-04-09
IWM210409C00214000,2021-03-02 19:16:26,214.0,11.79,11.94,13.97,call,2021-04-09
IWM210409C00215000,2021-03-03 20:10:51,215.0,11.15,11.29,12.93,call,2021-04-09
IWM210409C00217000,2021-02-26 20:38:00,217.0,9.9,10.04,12.94,call,2021-04-09
IWM210409C00217500,2021-03-01 19:26:05,217.5,9.6,9.74,11.29,call,2021-04-09
IWM210409C00218000,2021-03-01 17:51:18,218.0,9.3,9.45,13.49,call,2021-04-09
IWM210409C00219000,2021-02-26 19:38:27,219.0,8.72,8.86,10.32,call,2021-04-09
IWM210409C00220000,2021-03-03 20:53:22,220.0,8.17,8.3,8.73,call,2021-04-09
IWM210409C00221000,2021-03-01 17:11:01,221.0,7.62,7.76,11.4,call,2021-04-09
IWM210409C00222000,2021-03-03 18:19:58,222.0,7.1,7.23,7.91,call,2021-04-09
IWM210409C00222500,2021-02-26 16:40:39,222.5,6.85,6.97,8.74,call,2021-04-09
IWM210409C00223000,2021-03-03 19:08:01,223.0,6.6,6.73,7.55,call,2021-04-09
IWM210409C00224000,2021-03-03 17:25:56,224.0,6.11,6.24,7.81,call,2021-04-09
IWM210409C00226000,2021-03-01 21:11:57,226.0,5.21,5.33,7.88,call,2021-04-09
IWM210409C00227000,2021-03-03 21:01:32,227.0,4.78,4.9,4.92,call,2021-04-09
IWM210409C00227500,2021-02-25 18:01:31,227.5,4.58,4.7,5.33,call,2021-04-09
IWM210409C00228000,2021-03-03 19:51:25,228.0,4.38,4.5,5.1,call,2021-04-09
IWM210409C00229000,2021-03-02 21:01:42,229.0,4.0,4.12,4.86,call,2021-04-09
IWM210409C00230000,2021-03-03 14:56:27,230.0,3.65,3.75,3.85,call,2021-04-09
IWM210409C00231000,2021-03-01 14:43:27,231.0,3.32,3.42,4.92,call,2021-04-09
IWM210409C00232000,2021-03-01 14:44:13,232.0,3.0,3.09,4.17,call,2021-04-09
IWM210409C00234000,2021-03-03 19:47:31,234.0,2.45,2.53,2.9,call,2021-04-09
IWM210409C00235000,2021-03-03 21:02:54,235.0,2.2,2.27,2.34,call,2021-04-09
IWM210409C00237000,2021-03-03 18:18:57,237.0,1.76,1.83,2.09,call,2021-04-09
IWM210409C00237500,2021-03-03 21:02:54,237.5,1.66,1.73,1.78,call,2021-04-09
IWM210409C00238000,2021-02-26 16:24:56,238.0,1.57,1.64,1.97,call,2021-04-09
IWM210409C00239000,2021-03-03 20:52:09,239.0,1.4,1.46,1.59,call,2021-04-09
IWM210409C00240000,2021-03-03 19:48:53,240.0,1.24,1.3,1.48,call,2021-04-09
IWM210409C00241000,2021-03-03 16:01:42,241.0,1.1,1.16,1.59,call,2021-04-09
IWM210409P00197500,2021-03-03 18:14:19,197.5,3.14,3.24,2.48,put,2021-04-09
IWM210409P00200000,2021-03-03 20:18:22,200.0,3.58,3.68,3.53,put,2021-04-09
IWM210409P00202500,2021-03-02 17:17:30,202.5,4.08,4.19,3.13,put,2021-04-09
IWM210409P00205000,2021-03-03 17:34:47,205.0,4.64,4.74,3.8,put,2021-04-09
IWM210409P00207500,2021-03-02 14:48:50,207.5,5.26,5.37,3.93,put,2021-04-09
IWM210409P00210000,2021-03-03 17:58:07,210.0,5.95,6.07,5.64,put,2021-04-09
IWM210409P00212500,2021-03-02 14:49:38,212.5,6.72,6.86,5.64,put,2021-04-09
IWM210409P00213000,2021-03-02 15:29:50,213.0,6.89,7.02,5.77,put,2021-04-09
IWM210409P00214000,2021-03-02 14:49:38,214.0,7.23,7.37,5.59,put,2021-04-09
IWM210409P00215000,2021-03-03 19:34:08,215.0,7.59,7.72,7.43,put,2021-04-09
IWM210409P00217500,2021-02-26 16:30:31,217.5,8.54,8.69,9.35,put,2021-04-09
IWM210409P00218000,2021-03-02 20:09:50,218.0,8.75,8.89,7.07,put,2021-04-09
IWM210409P00219000,2021-02-26 21:02:43,219.0,9.17,9.31,7.82,put,2021-04-09
IWM210409P00220000,2021-03-03 19:34:08,220.0,9.61,9.76,9.43,put,2021-04-09
IWM210409P00221000,2021-03-03 20:59:42,221.0,10.06,10.23,9.96,put,2021-04-09
IWM210409P00222000,2021-03-03 20:30:43,222.0,10.54,10.71,9.55,put,2021-04-09
IWM210409P00223000,2021-03-03 15:46:08,223.0,11.0,11.21,9.3,put,2021-04-09
IWM210409P00225000,2021-03-03 21:00:15,225.0,12.05,12.27,11.98,put,2021-04-09
IWM210409P00227000,2021-03-01 20:08:24,227.0,13.18,13.42,10.59,put,2021-04-09
IWM210409P00227500,2021-03-02 14:38:34,227.5,13.48,13.71,10.0,put,2021-04-09
IWM210409P00228000,2021-03-01 20:05:30,228.0,13.78,14.02,9.5,put,2021-04-09
IWM210409P00230000,2021-02-26 15:19:09,230.0,15.04,15.28,17.93,put,2021-04-09
IWM210409P00236000,2021-02-26 15:41:11,236.0,19.33,19.61,21.59,put,2021-04-09
IWM210416C00198000,2021-03-03 19:29:11,198.0,24.34,24.59,25.44,call,2021-04-16
IWM210416C00199000,2021-02-26 15:38:27,199.0,23.53,23.78,22.43,call,2021-04-16
IWM210416C00200000,2021-03-03 16:31:31,200.0,22.73,22.97,24.0,call,2021-04-16
IWM210416C00201000,2021-02-26 16:41:39,201.0,21.93,22.17,25.8,call,2021-04-16
IWM210416C00202000,2021-03-03 17:15:24,202.0,21.14,21.38,24.22,call,2021-04-16
IWM210416C00203000,2021-03-01 17:17:07,203.0,20.36,20.59,22.0,call,2021-04-16
IWM210416C00204000,2021-03-01 17:14:16,204.0,19.59,19.82,24.82,call,2021-04-16
IWM210416C00205000,2021-03-03 19:14:26,205.0,18.83,19.03,19.67,call,2021-04-16
IWM210416C00206000,2021-03-03 18:44:25,206.0,18.08,18.3,21.08,call,2021-04-16
IWM210416C00207000,2021-03-02 20:14:30,207.0,17.35,17.54,20.43,call,2021-04-16
IWM210416C00208000,2021-03-03 17:44:11,208.0,16.62,16.83,19.6,call,2021-04-16
IWM210416C00209000,2021-03-02 18:52:35,209.0,15.9,16.11,18.41,call,2021-04-16
IWM210416C00210000,2021-03-03 21:07:32,210.0,15.2,15.4,15.54,call,2021-04-16
IWM210416C00211000,2021-03-02 18:39:16,211.0,14.51,14.71,17.69,call,2021-04-16
IWM210416C00212000,2021-03-03 14:40:51,212.0,13.84,14.0,16.22,call,2021-04-16
IWM210416C00213000,2021-03-02 18:53:03,213.0,13.17,13.33,13.4,call,2021-04-16
IWM210416C00214000,2021-03-02 19:37:16,214.0,12.51,12.67,12.74,call,2021-04-16
IWM210416C00215000,2021-03-03 20:25:02,215.0,11.87,12.02,12.29,call,2021-04-16
IWM210416C00216000,2021-03-03 17:44:54,216.0,11.24,11.4,14.12,call,2021-04-16
IWM210416C00217000,2021-03-03 18:17:19,217.0,10.63,10.79,11.78,call,2021-04-16
IWM210416C00218000,2021-03-03 20:26:39,218.0,10.05,10.2,10.23,call,2021-04-16
IWM210416C00219000,2021-03-03 20:58:20,219.0,9.47,9.61,9.99,call,2021-04-16
IWM210416C00220000,2021-03-03 21:10:12,220.0,8.91,9.04,9.0,call,2021-04-16
IWM210416C00221000,2021-03-03 21:00:18,221.0,8.37,8.49,8.51,call,2021-04-16
IWM210416C00222000,2021-03-03 20:59:55,222.0,7.84,7.96,8.0,call,2021-04-16
IWM210416C00223000,2021-03-03 20:53:42,223.0,7.34,7.45,7.77,call,2021-04-16
IWM210416C00224000,2021-03-03 21:10:23,224.0,6.85,6.96,6.9,call,2021-04-16
IWM210416C00225000,2021-03-03 21:09:20,225.0,6.38,6.48,6.5,call,2021-04-16
IWM210416C00226000,2021-03-03 21:09:23,226.0,5.92,6.03,6.0,call,2021-04-16
IWM210416C00227000,2021-03-03 20:10:57,227.0,5.48,5.59,6.59,call,2021-04-16
IWM210416C00228000,2021-03-03 21:09:16,228.0,5.07,5.18,5.14,call,2021-04-16
IWM210416C00229000,2021-03-03 20:47:12,229.0,4.68,4.78,5.4,call,2021-04-16
IWM210416C00230000,2021-03-03 21:09:16,230.0,4.31,4.41,4.38,call,2021-04-16
IWM210416C00231000,2021-03-03 20:54:27,231.0,3.94,4.05,4.31,call,2021-04-16
IWM210416C00232000,2021-03-03 20:26:05,232.0,3.61,3.7,3.98,call,2021-04-16
IWM210416C00233000,2021-03-03 20:58:16,233.0,3.3,3.39,3.59,call,2021-04-16
IWM210416C00234000,2021-03-03 20:42:48,234.0,3.0,3.09,3.46,call,2021-04-16
IWM210416C00235000,2021-03-03 20:58:54,235.0,2.73,2.83,2.95,call,2021-04-16
IWM210416C00236000,2021-03-03 20:13:38,236.0,2.48,2.56,3.11,call,2021-04-16
IWM210416C00237000,2021-03-03 21:06:17,237.0,2.25,2.32,2.4,call,2021-04-16
IWM210416C00238000,2021-03-03 20:58:30,238.0,2.03,2.11,2.22,call,2021-04-16
IWM210416C00239000,2021-03-03 20:43:36,239.0,1.83,1.91,1.95,call,2021-04-16
IWM210416C00240000,2021-03-03 21:12:11,240.0,1.67,1.72,1.7,call,2021-04-16
IWM210416C00241000,2021-03-03 20:52:30,241.0,1.49,1.55,1.59,call,2021-04-16
IWM210416P00198000,2021-03-03 20:58:30,198.0,3.83,3.92,3.69,put,2021-04-16
IWM210416P00199000,2021-03-03 20:52:47,199.0,4.0,4.11,3.96,put,2021-04-16
IWM210416P00200000,2021-03-03 21:14:27,200.0,4.19,4.3,4.27,put,2021-04-16
IWM210416P00201000,2021-03-03 20:41:25,201.0,4.4,4.51,4.12,put,2021-04-16
IWM210416P00202000,2021-03-03 21:04:32,202.0,4.61,4.72,4.6,put,2021-04-16
IWM210416P00203000,2021-03-03 19:36:35,203.0,4.84,4.94,4.65,put,2021-04-16
IWM210416P00204000,2021-03-03 20:38:29,204.0,5.07,5.17,4.57,put,2021-04-16
IWM210416P00205000,2021-03-03 21:06:55,205.0,5.31,5.41,5.27,put,2021-04-16
IWM210416P00206000,2021-03-03 20:17:53,206.0,5.56,5.67,4.91,put,2021-04-16
IWM210416P00207000,2021-03-03 20:56:51,207.0,5.82,5.93,5.55,put,2021-04-16
IWM210416P00208000,2021-03-03 20:37:42,208.0,6.12,6.21,5.84,put,2021-04-16
IWM210416P00209000,2021-03-03 19:45:46,209.0,6.38,6.49,5.93,put,2021-04-16
IWM210416P00210000,2021-03-03 21:06:18,210.0,6.68,6.79,6.62,put,2021-04-16
IWM210416P00211000,2021-03-03 21:09:15,211.0,6.99,7.1,6.97,put,2021-04-16
IWM210416P00212000,2021-03-03 21:10:02,212.0,7.31,7.42,7.3,put,2021-04-16
IWM210416P00213000,2021-03-03 20:43:36,213.0,7.64,7.76,7.03,put,2021-04-16
IWM210416P00214000,2021-03-03 20:59:34,214.0,7.98,8.08,7.89,put,2021-04-16
IWM210416P00215000,2021-03-03 21:13:25,215.0,8.34,8.44,8.42,put,2021-04-16
IWM210416P00216000,2021-03-03 18:35:52,216.0,8.72,8.85,7.74,put,2021-04-16
IWM210416P00217000,2021-03-03 21:01:27,217.0,9.11,9.24,9.06,put,2021-04-16
IWM210416P00218000,2021-03-03 20:43:40,218.0,9.52,9.65,8.65,put,2021-04-16
IWM210416P00219000,2021-03-03 20:37:12,219.0,9.94,10.07,9.2,put,2021-04-16
IWM210416P00220000,2021-03-03 21:04:00,220.0,10.36,10.52,10.3,put,2021-04-16
IWM210416P00221000,2021-03-03 20:42:31,221.0,10.81,10.98,10.09,put,2021-04-16
IWM210416P00222000,2021-03-03 20:28:48,222.0,11.28,11.46,10.28,put,2021-04-16
IWM210416P00223000,2021-03-03 21:14:15,223.0,11.76,11.95,11.9,put,2021-04-16
IWM210416P00224000,2021-03-03 19:03:14,224.0,12.26,12.46,11.38,put,2021-04-16
IWM210416P00225000,2021-03-03 21:10:48,225.0,12.8,12.99,12.9,put,2021-04-16
IWM210416P00226000,2021-03-03 18:24:23,226.0,13.33,13.54,11.03,put,2021-04-16
IWM210416P00227000,2021-03-03 20:43:41,227.0,13.89,14.11,12.93,put,2021-04-16
IWM210416P00228000,2021-03-03 19:24:40,228.0,14.47,14.69,13.51,put,2021-04-16
IWM210416P00229000,2021-03-03 18:08:59,229.0,15.07,15.3,14.44,put,2021-04-16
IWM210416P00230000,2021-03-03 19:25:39,230.0,15.69,15.93,14.9,put,2021-04-16
IWM210416P00231000,2021-03-02 20:58:13,231.0,16.34,16.58,14.42,put,2021-04-16
IWM210416P00232000,2021-02-26 16:09:01,232.0,17.0,17.25,16.28,put,2021-04-16
IWM210416P00233000,2021-03-03 19:38:00,233.0,17.68,17.94,16.49,put,2021-04-16
IWM210416P00234000,2021-02-25 18:00:04,234.0,18.39,18.65,19.27,put,2021-04-16
IWM210416P00235000,2021-03-03 21:09:56,235.0,19.11,19.38,19.19,put,2021-04-16
IWM210416P00236000,2021-03-01 21:06:55,236.0,19.87,20.12,18.49,put,2021-04-16
IWM210416P00237000,2021-02-26 14:55:18,237.0,20.61,20.89,21.63,put,2021-04-16
IWM210416P00239000,2021-02-25 16:01:17,239.0,22.2,22.47,18.95,put,2021-04-16
IWM210416P00240000,2021-03-01 18:12:40,240.0,23.02,23.29,18.9,put,2021-04-16
IWM210521C00198000,2021-02-12 17:08:39,198.0,26.57,26.82,34.28,call,2021-05-21
IWM210521C00199000,2021-03-03 18:48:06,199.0,25.8,26.04,28.43,call,2021-05-21
IWM210521C00200000,2021-03-01 17:43:20,200.0,25.04,25.28,25.89,call,2021-05-21
IWM210521C00201000,2021-02-04 16:02:02,201.0,24.28,24.52,23.77,call,2021-05-21
IWM210521C00202000,2021-02-17 16:15:57,202.0,23.53,23.77,26.26,call,2021-05-21
IWM210521C00203000,2021-02-17 16:22:58,203.0,22.79,23.02,25.54,call,2021-05-21
IWM210521C00204000,2021-02-23 20:28:04,204.0,22.06,22.29,24.88,call,2021-05-21
IWM210521C00205000,2021-02-26 20:11:44,205.0,21.34,21.56,22.7,call,2021-05-21
IWM210521C00206000,2021-02-26 15:08:16,206.0,20.65,20.85,20.23,call,2021-05-21
IWM210521C00207000,2021-03-03 18:03:09,207.0,19.94,20.14,22.43,call,2021-05-21
IWM210521C00208000,2021-02-26 15:33:12,208.0,19.23,19.44,18.08,call,2021-05-21
IWM210521C00209000,2021-02-19 15:40:03,209.0,18.55,18.75,23.06,call,2021-05-21
IWM210521C00210000,2021-03-01 15:29:24,210.0,17.89,18.07,21.14,call,2021-05-21
IWM210521C00211000,2021-03-01 14:56:24,211.0,17.21,17.4,20.27,call,2021-05-21
IWM210521C00212000,2021-03-02 18:40:09,212.0,16.56,16.74,19.42,call,2021-05-21
IWM210521C00213000,2021-03-02 18:54:51,213.0,15.91,16.09,18.81,call,2021-05-21
IWM210521C00214000,2021-02-26 15:25:31,214.0,15.29,15.46,14.51,call,2021-05-21
IWM210521C00215000,2021-03-03 15:09:57,215.0,14.68,14.83,15.95,call,2021-05-21
IWM210521C00216000,2021-03-02 18:54:51,216.0,14.05,14.22,15.87,call,2021-05-21
IWM210521C00217000,2021-03-03 15:07:21,217.0,13.47,13.62,14.0,call,2021-05-21
IWM210521C00218000,2021-03-03 19:20:40,218.0,12.88,13.04,14.0,call,2021-05-21
IWM210521C00219000,2021-02-25 21:01:12,219.0,12.31,12.47,14.67,call,2021-05-21
IWM210521C00220000,2021-03-03 21:08:46,220.0,11.76,11.91,11.99,call,2021-05-21
IWM210521C00221000,2021-03-03 15:17:45,221.0,11.21,11.36,11.36,call,2021-05-21
IWM210521C00222000,2021-03-02 21:00:33,222.0,10.68,10.82,11.67,call,2021-05-21
IWM210521C00223000,2021-03-03 20:41:27,223.0,10.16,10.3,10.97,call,2021-05-21
IWM210521C00224000,2021-03-03 19:36:32,224.0,9.65,9.79,10.31,call,2021-05-21
IWM210521C00225000,2021-03-03 21:00:56,225.0,9.18,9.3,9.38,call,2021-05-21
IWM210521C00226000,2021-03-03 19:42:00,226.0,8.7,8.82,9.63,call,2021-05-21
IWM210521C00227000,2021-03-03 18:30:48,227.0,8.23,8.36,10.07,call,2021-05-21
IWM210521C00228000,2021-03-01 20:04:34,228.0,7.79,7.91,8.48,call,2021-05-21
IWM210521C00229000,2021-02-25 18:01:58,229.0,7.36,7.48,8.53,call,2021-05-21
IWM210521C00230000,2021-03-03 20:24:28,230.0,6.95,7.06,7.74,call,2021-05-21
IWM210521C00231000,2021-03-02 19:15:26,231.0,6.54,6.66,7.73,call,2021-05-21
IWM210521C00232000,2021-03-01 21:03:04,232.0,6.16,6.27,7.16,call,2021-05-21
IWM210521C00233000,2021-03-02 20:11:30,233.0,5.78,5.89,7.29,call,2021-05-21
IWM210521C00234000,2021-03-03 19:31:16,234.0,5.42,5.53,5.76,call,2021-05-21
IWM210521C00235000,2021-03-03 21:14:30,235.0,5.09,5.18,5.1,call,2021-05-21
IWM210521C00236000,2021-03-03 17:58:12,236.0,4.76,4.86,5.9,call,2021-05-21
IWM210521C00237000,2021-03-01 21:03:04,237.0,4.45,4.55,6.65,call,2021-05-21
IWM210521C00238000,2021-03-02 18:51:23,238.0,4.15,4.26,4.87,call,2021-05-21
IWM210521C00239000,2021-03-02 19:23:35,239.0,3.87,3.98,4.85,call,2021-05-21
IWM210521C00240000,2021-03-03 19:23:24,240.0,3.61,3.71,4.07,call,2021-05-21
IWM210521C00241000,2021-02-24 18:50:19,241.0,3.36,3.46,4.11,call,2021-05-21
IWM210521P00198000,2021-03-01 20:38:09,198.0,6.15,6.26,4.66,put,2021-05-21
IWM210521P00199000,2021-03-02 19:05:22,199.0,6.37,6.49,5.15,put,2021-05-21
IWM210521P00200000,2021-03-03 21:11:46,200.0,6.61,6.72,6.7,put,2021-05-21
IWM210521P00201000,2021-03-03 17:38:45,201.0,6.85,6.97,5.88,put,2021-05-21
IWM210521P00202000,2021-03-03 16:52:29,202.0,7.1,7.21,5.83,put,2021-05-21
IWM210521P00203000,2021-03-01 20:49:57,203.0,7.36,7.47,6.71,put,2021-05-21
IWM210521P00204000,2021-03-03 15:19:12,204.0,7.62,7.74,6.47,put,2021-05-21
IWM210521P00205000,2021-03-03 21:13:22,205.0,7.89,8.02,7.96,put,2021-05-21
IWM210521P00206000,2021-03-03 17:14:33,206.0,8.18,8.3,7.92,put,2021-05-21
IWM210521P00207000,2021-03-03 20:14:26,207.0,8.48,8.6,7.57,put,2021-05-21
IWM210521P00208000,2021-03-03 17:13:24,208.0,8.78,8.9,7.47,put,2021-05-21
IWM210521P00209000,2021-03-03 17:14:08,209.0,9.09,9.21,7.7,put,2021-05-21
IWM210521P00210000,2021-03-03 21:04:05,210.0,9.41,9.53,9.38,put,2021-05-21
IWM210521P00211000,2021-03-01 20:27:23,211.0,9.74,9.87,8.21,put,2021-05-21
IWM210521P00212000,2021-03-03 20:59:34,212.0,10.09,10.21,10.0,put,2021-05-21
IWM210521P00213000,2021-03-01 21:03:04,213.0,10.44,10.57,8.56,put,2021-05-21
IWM210521P00214000,2021-03-03 19:55:45,214.0,10.8,10.93,9.85,put,2021-05-21
IWM210521P00215000,2021-03-03 18:20:30,215.0,11.18,11.31,11.0,put,2021-05-21
IWM210521P00216000,2021-03-03 21:09:27,216.0,11.56,11.7,11.6,put,2021-05-21
IWM210521P00217000,2021-03-03 16:18:03,217.0,11.96,12.1,9.65,put,2021-05-21
IWM210521P00218000,2021-03-03 19:20:54,218.0,12.38,12.52,11.6,put,2021-05-21
IWM210521P00219000,2021-03-03 18:10:37,219.0,12.85,12.95,11.27,put,2021-05-21
IWM210521P00220000,2021-03-03 21:11:46,220.0,13.24,13.39,13.35,put,2021-05-21
IWM210521P00221000,2021-03-03 17:12:09,221.0,13.67,13.84,13.0,put,2021-05-21
IWM210521P00222000,2021-03-03 21:06:22,222.0,14.14,14.31,14.06,put,2021-05-21
IWM210521P00223000,2021-03-03 18:24:23,223.0,14.62,14.79,12.56,put,2021-05-21
IWM210521P00224000,2021-03-02 20:15:03,224.0,15.11,15.29,14.32,put,2021-05-21
IWM210521P00225000,2021-03-03 21:03:13,225.0,15.63,15.8,15.5,put,2021-05-21
IWM210521P00226000,2021-03-03 19:36:25,226.0,16.14,16.33,15.62,put,2021-05-21
IWM210521P00227000,2021-03-02 14:44:26,227.0,16.67,16.87,13.5,put,2021-05-21
IWM210521P00228000,2021-02-25 15:38:11,228.0,17.23,17.42,15.03,put,2021-05-21
IWM210521P00229000,2021-03-03 15:15:02,229.0,17.76,17.99,16.86,put,2021-05-21
IWM210521P00230000,2021-03-03 19:20:01,230.0,18.35,18.57,17.3,put,2021-05-21
IWM210521P00231000,2021-02-25 17:59:05,231.0,18.94,19.17,19.99,put,2021-05-21
IWM210521P00232000,2021-02-26 17:59:02,232.0,19.58,19.79,18.93,put,2021-05-21
IWM210521P00233000,2021-03-02 17:22:54,233.0,20.18,20.42,17.7,put,2021-05-21
IWM210521P00234000,2021-02-18 16:12:03,234.0,20.82,21.06,21.01,put,2021-05-21
IWM210521P00235000,2021-03-01 20:08:39,235.0,21.5,21.72,17.8,put,2021-05-21
IWM210521P00236000,2021-03-01 19:53:39,236.0,22.14,22.4,17.53,put,2021-05-21
IWM210521P00237000,2021-02-24 14:51:14,237.0,22.83,23.09,21.01,put,2021-05-21
IWM210521P00240000,2021-03-01 15:42:53,240.0,24.98,25.25,23.55,put,2021-05-21
IWM210618C00198000,2021-02-08 15:33:09,198.0,27.94,28.19,31.97,call,2021-06-18
IWM210618C00199000,2021-02-22 19:01:15,199.0,27.19,27.43,33.06,call,2021-06-18
IWM210618C00200000,2021-03-02 15:23:14,200.0,26.44,26.68,28.6,call,2021-06-18
IWM210618C00201000,2021-03-01 14:30:00,201.0,25.7,25.94,29.0,call,2021-06-18
IWM210618C00202000,2021-02-26 16:37:42,202.0,24.97,25.21,26.33,call,2021-06-18
IWM210618C00203000,2021-02-25 20:49:16,203.0,24.25,24.48,25.73,call,2021-06-18
IWM210618C00204000,2021-02-25 18:31:11,204.0,23.53,23.76,26.5,call,2021-06-18
IWM210618C00205000,2021-03-01 14:30:01,205.0,22.87,23.05,25.9,call,2021-06-18
IWM210618C00206000,2021-02-09 20:19:53,206.0,22.16,22.35,29.94,call,2021-06-18
IWM210618C00207000,2021-02-26 15:16:57,207.0,21.47,21.66,21.0,call,2021-06-18
IWM210618C00208000,2021-03-02 19:05:06,208.0,20.78,20.98,23.75,call,2021-06-18
IWM210618C00209000,2021-02-17 14:37:54,209.0,20.12,20.3,23.74,call,2021-06-18
IWM210618C00210000,2021-03-02 16:57:28,210.0,19.47,19.64,21.0,call,2021-06-18
IWM210618C00211000,2021-02-10 18:08:19,211.0,18.8,18.98,25.77,call,2021-06-18
IWM210618C00212000,2021-02-26 15:30:21,212.0,18.17,18.34,16.91,call,2021-06-18
IWM210618C00213000,2021-02-23 19:04:24,213.0,17.54,17.7,18.72,call,2021-06-18
IWM210618C00214000,2021-02-26 19:21:26,214.0,16.91,17.07,21.4,call,2021-06-18
IWM210618C00215000,2021-03-02 21:00:41,215.0,16.3,16.46,16.89,call,2021-06-18
IWM210618C00216000,2021-02-26 17:05:02,216.0,15.7,15.86,18.12,call,2021-06-18
IWM210618C00217000,2021-03-02 20:48:38,217.0,15.11,15.27,15.35,call,2021-06-18
IWM210618C00218000,2021-03-01 16:34:09,218.0,14.55,14.7,17.54,call,2021-06-18
IWM210618C00219000,2021-03-03 15:24:09,219.0,13.98,14.13,14.75,call,2021-06-18
IWM210618C00220000,2021-03-03 20:57:50,220.0,13.43,13.57,13.95,call,2021-06-18
IWM210618C00221000,2021-02-26 21:00:44,221.0,12.89,13.03,13.4,call,2021-06-18
IWM210618C00222000,2021-03-03 19:21:47,222.0,12.36,12.49,13.66,call,2021-06-18
IWM210618C00223000,2021-03-03 21:09:24,223.0,11.85,11.97,11.87,call,2021-06-18
IWM210618C00224000,2021-03-03 14:33:27,224.0,11.34,11.46,12.4,call,2021-06-18
IWM210618C00225000,2021-03-03 20:56:32,225.0,10.85,10.97,11.33,call,2021-06-18
IWM210618C00226000,2021-03-02 17:08:51,226.0,10.36,10.48,12.55,call,2021-06-18
IWM210618C00227000,2021-03-03 20:42:44,227.0,9.91,10.02,10.68,call,2021-06-18
IWM210618C00228000,2021-03-02 19:09:46,228.0,9.45,9.57,10.99,call,2021-06-18
IWM210618C00229000,2021-02-26 18:02:50,229.0,9.0,9.12,9.7,call,2021-06-18
IWM210618C00230000,2021-03-03 19:46:21,230.0,8.58,8.7,9.0,call,2021-06-18
IWM210618C00231000,2021-03-03 17:14:40,231.0,8.15,8.28,9.02,call,2021-06-18
IWM210618C00232000,2021-03-03 17:13:08,232.0,7.75,7.87,9.2,call,2021-06-18
IWM210618C00233000,2021-03-01 19:29:29,233.0,7.37,7.49,10.05,call,2021-06-18
IWM210618C00234000,2021-02-25 19:37:11,234.0,6.99,7.11,9.3,call,2021-06-18
IWM210618C00235000,2021-03-03 21:00:39,235.0,6.63,6.74,6.75,call,2021-06-18
IWM210618C00236000,2021-03-03 17:14:40,236.0,6.27,6.39,7.72,call,2021-06-18
IWM210618C00237000,2021-02-26 20:28:12,237.0,5.93,6.05,6.53,call,2021-06-18
IWM210618C00238000,2021-02-25 19:37:11,238.0,5.61,5.73,7.77,call,2021-06-18
IWM210618C00239000,2021-02-25 19:36:59,239.0,5.29,5.42,7.39,call,2021-06-18
IWM210618C00240000,2021-03-03 17:57:36,240.0,4.99,5.12,5.32,call,2021-06-18
IWM210618C00241000,2021-03-01 18:12:15,241.0,4.71,4.83,5.26,call,2021-06-18
IWM210618P00198000,2021-03-03 15:28:50,198.0,7.73,7.86,7.22,put,2021-06-18
IWM210618P00199000,2021-03-03 18:06:52,199.0,7.97,8.11,7.17,put,2021-06-18
IWM210618P00200000,2021-03-03 18:46:46,200.0,8.23,8.36,7.61,put,2021-06-18
IWM210618P00201000,2021-03-01 18:46:39,201.0,8.49,8.63,7.15,put,2021-06-18
IWM210618P00202000,2021-03-03 17:35:24,202.0,8.76,8.9,7.81,put,2021-06-18
IWM210618P00203000,2021-02-17 15:47:41,203.0,9.03,9.17,8.89,put,2021-06-18
IWM210618P00204000,2021-02-23 19:56:20,204.0,9.32,9.46,9.35,put,2021-06-18
IWM210618P00205000,2021-03-03 21:11:56,205.0,9.61,9.76,9.69,put,2021-06-18
IWM210618P00206000,2021-02-25 19:10:56,206.0,9.91,10.06,9.59,put,2021-06-18
IWM210618P00207000,2021-02-26 19:22:43,207.0,10.22,10.37,10.87,put,2021-06-18
IWM210618P00208000,2021-03-03 15:17:52,208.0,10.54,10.7,10.2,put,2021-06-18
IWM210618P00209000,2021-03-03 16:01:07,209.0,10.87,11.03,9.4,put,2021-06-18
IWM210618P00210000,2021-03-03 20:41:20,210.0,11.21,11.37,10.85,put,2021-06-18
IWM210618P00211000,2021-02-25 18:40:00,211.0,11.55,11.71,9.81,put,2021-06-18
IWM210618P00212000,2021-02-25 18:40:13,212.0,11.91,12.08,11.22,put,2021-06-18
IWM210618P00213000,2021-02-26 16:46:21,213.0,12.28,12.44,12.9,put,2021-06-18
IWM210618P00214000,2021-03-03 17:52:50,214.0,12.66,12.83,11.08,put,2021-06-18
IWM210618P00215000,2021-03-03 20:59:42,215.0,13.06,13.22,13.0,put,2021-06-18
IWM210618P00216000,2021-03-01 20:48:04,216.0,13.45,13.62,12.13,put,2021-06-18
IWM210618P00217000,2021-03-03 18:00:14,217.0,13.86,14.03,13.94,put,2021-06-18
IWM210618P00218000,2021-03-03 18:00:14,218.0,14.29,14.46,12.89,put,2021-06-18
IWM210618P00219000,2021-03-03 21:01:16,219.0,14.71,14.9,14.72,put,2021-06-18
IWM210618P00220000,2021-03-03 20:54:15,220.0,15.18,15.34,15.15,put,2021-06-18
IWM210618P00221000,2021-03-01 21:14:27,221.0,15.63,15.8,14.47,put,2021-06-18
IWM210618P00222000,2021-03-02 20:52:57,222.0,16.09,16.28,14.57,put,2021-06-18
IWM210618P00223000,2021-03-03 19:36:34,223.0,16.59,16.76,15.4,put,2021-06-18
IWM210618P00224000,2021-03-03 19:41:13,224.0,17.07,17.26,16.22,put,2021-06-18
IWM210618P00225000,2021-03-03 20:56:32,225.0,17.6,17.77,17.5,put,2021-06-18
IWM210618P00226000,2021-03-03 16:29:58,226.0,18.11,18.29,15.28,put,2021-06-18
IWM210618P00227000,2021-03-01 17:20:13,227.0,18.65,18.83,15.67,put,2021-06-18
IWM210618P00228000,2021-03-03 18:00:14,228.0,19.2,19.37,17.37,put,2021-06-18
IWM210618P00229000,2021-03-03 15:11:36,229.0,19.74,19.94,18.6,put,2021-06-18
IWM210618P00230000,2021-03-03 18:00:14,230.0,20.33,20.51,18.42,put,2021-06-18
IWM210618P00231000,2021-03-03 18:00:14,231.0,20.87,21.1,18.96,put,2021-06-18
IWM210618P00232000,2021-02-16 15:12:03,232.0,21.46,21.7,17.81,put,2021-06-18
IWM210618P00233000,2021-02-12 20:54:01,233.0,22.07,22.31,18.47,put,2021-06-18
IWM210618P00234000,2021-02-18 15:28:49,234.0,22.69,22.94,23.15,put,2021-06-18
IWM210618P00235000,2021-02-24 20:33:26,235.0,23.33,23.58,19.3,put,2021-06-18
IWM210618P00237000,2021-02-26 19:36:50,237.0,24.64,24.9,25.03,put,2021-06-18
IWM210618P00238000,2021-02-26 17:49:58,238.0,25.32,25.58,22.95,put,2021-06-18
IWM210618P00240000,2021-03-03 18:10:44,240.0,26.7,26.97,24.24,put,2021-06-18
IWM210630C00198000,2021-01-06 18:00:25,198.0,30.8,31.07,19.13,call,2021-06-30
IWM210630C00199000,2021-02-24 19:37:40,199.0,27.68,27.97,33.65,call,2021-06-30
IWM210630C00200000,2021-02-26 16:06:11,200.0,26.94,27.23,27.55,call,2021-06-30
IWM210630C00202000,2021-01-22 14:58:05,202.0,30.34,30.68,20.86,call,2021-06-30
IWM210630C00203000,2021-01-12 19:36:43,203.0,0.0,0.0,19.82,call,2021-06-30
IWM210630C00204000,2021-01-19 05:06:28,204.0,26.41,26.64,15.62,call,2021-06-30
IWM210630C00205000,2021-02-11 18:51:14,205.0,23.41,23.63,29.53,call,2021-06-30
IWM210630C00206000,2021-02-08 20:55:46,206.0,22.72,22.94,29.34,call,2021-06-30
IWM210630C00207000,2021-01-21 15:59:58,207.0,26.64,26.97,18.89,call,2021-06-30
IWM210630C00208000,2021-02-10 19:42:35,208.0,21.34,21.57,28.88,call,2021-06-30
IWM210630C00209000,2021-02-08 19:55:59,209.0,20.69,20.9,26.42,call,2021-06-30
IWM210630C00210000,2021-03-02 17:40:36,210.0,20.05,20.22,22.78,call,2021-06-30
IWM210630C00211000,2021-02-26 15:02:59,211.0,19.38,19.57,24.0,call,2021-06-30
IWM210630C00212000,2021-01-28 19:24:45,212.0,18.52,18.99,14.62,call,2021-06-30
IWM210630C00213000,2021-02-09 18:18:16,213.0,18.12,18.3,25.67,call,2021-06-30
IWM210630C00214000,2021-02-18 20:36:15,214.0,17.5,17.68,19.52,call,2021-06-30
IWM210630C00215000,2021-03-01 17:05:27,215.0,16.91,17.07,20.9,call,2021-06-30
IWM210630C00216000,2021-02-26 15:09:55,216.0,16.31,16.47,20.49,call,2021-06-30
IWM210630C00217000,2021-02-24 19:31:44,217.0,15.72,15.9,20.72,call,2021-06-30
IWM210630C00218000,2021-03-01 14:42:28,218.0,15.14,15.32,19.29,call,2021-06-30
IWM210630C00219000,2021-02-26 14:39:26,219.0,14.59,14.76,17.85,call,2021-06-30
IWM210630C00220000,2021-03-03 17:00:56,220.0,14.05,14.2,15.96,call,2021-06-30
IWM210630C00221000,2021-02-24 15:58:41,221.0,13.49,13.66,14.6,call,2021-06-30
IWM210630C00222000,2021-03-01 18:12:24,222.0,12.96,13.13,16.07,call,2021-06-30
IWM210630C00223000,2021-02-25 16:37:34,223.0,12.44,12.61,15.51,call,2021-06-30
IWM210630C00224000,2021-02-26 20:57:45,224.0,11.94,12.1,12.46,call,2021-06-30
IWM210630C00225000,2021-03-02 17:07:20,225.0,11.46,11.6,13.2,call,2021-06-30
IWM210630C00226000,2021-02-26 21:01:58,226.0,10.98,11.12,11.12,call,2021-06-30
IWM210630C00227000,2021-02-25 20:52:19,227.0,10.51,10.65,13.53,call,2021-06-30
IWM210630C00228000,2021-02-26 18:02:30,228.0,10.05,10.19,11.3,call,2021-06-30
IWM210630C00229000,2021-03-02 18:18:13,229.0,9.61,9.75,11.5,call,2021-06-30
IWM210630C00230000,2021-03-02 17:40:36,230.0,9.19,9.31,9.9,call,2021-06-30
IWM210630C00231000,2021-02-24 16:27:10,231.0,8.75,8.89,12.59,call,2021-06-30
IWM210630C00232000,2021-02-24 16:27:10,232.0,8.35,8.48,12.09,call,2021-06-30
IWM210630C00233000,2021-02-26 17:27:51,233.0,7.95,8.09,9.18,call,2021-06-30
IWM210630C00235000,2021-02-23 18:04:33,235.0,7.2,7.33,8.88,call,2021-06-30
IWM210630C00236000,2021-02-22 17:51:26,236.0,6.83,6.97,10.44,call,2021-06-30
IWM210630C00238000,2021-03-01 20:37:26,238.0,6.15,6.3,8.55,call,2021-06-30
IWM210630C00240000,2021-03-03 18:57:23,240.0,5.52,5.66,6.49,call,2021-06-30
IWM210630P00198000,2021-02-08 20:02:34,198.0,8.27,8.44,7.22,put,2021-06-30
IWM210630P00199000,2021-02-16 14:30:00,199.0,8.52,8.69,6.97,put,2021-06-30
IWM210630P00200000,2021-03-03 21:09:01,200.0,8.79,8.95,8.8,put,2021-06-30
IWM210630P00201000,2021-03-02 15:14:56,201.0,9.05,9.22,8.3,put,2021-06-30
IWM210630P00202000,2021-02-26 14:37:37,202.0,9.33,9.5,9.89,put,2021-06-30
IWM210630P00203000,2021-02-23 15:32:25,203.0,9.61,9.78,10.15,put,2021-06-30
IWM210630P00204000,2021-02-12 16:45:39,204.0,9.9,10.08,8.73,put,2021-06-30
IWM210630P00205000,2021-03-03 15:04:09,205.0,10.21,10.38,9.35,put,2021-06-30
IWM210630P00206000,2021-02-17 20:22:00,206.0,10.51,10.69,9.67,put,2021-06-30
IWM210630P00207000,2021-02-18 18:56:01,207.0,10.82,11.0,10.71,put,2021-06-30
IWM210630P00208000,2021-02-25 16:58:04,208.0,11.15,11.32,10.51,put,2021-06-30
IWM210630P00209000,2021-02-26 14:35:55,209.0,11.48,11.66,12.32,put,2021-06-30
IWM210630P00210000,2021-03-03 15:23:50,210.0,11.84,12.01,10.48,put,2021-06-30
IWM210630P00211000,2021-02-26 16:47:58,211.0,12.19,12.36,12.92,put,2021-06-30
IWM210630P00212000,2021-03-03 20:15:47,212.0,12.55,12.73,11.69,put,2021-06-30
IWM210630P00213000,2021-03-03 18:14:16,213.0,12.92,13.1,11.51,put,2021-06-30
IWM210630P00214000,2021-03-03 18:14:16,214.0,13.31,13.48,11.87,put,2021-06-30
IWM210630P00215000,2021-03-03 16:25:27,215.0,13.71,13.88,11.56,put,2021-06-30
IWM210630P00216000,2021-02-25 20:42:46,216.0,14.1,14.28,15.86,put,2021-06-30
IWM210630P00217000,2021-02-25 21:00:33,217.0,14.52,14.7,12.5,put,2021-06-30
IWM210630P00218000,2021-03-03 20:15:47,218.0,14.95,15.12,13.94,put,2021-06-30
IWM210630P00219000,2021-02-23 19:02:37,219.0,15.38,15.56,14.33,put,2021-06-30
IWM210630P00220000,2021-03-03 16:17:28,220.0,15.84,16.01,13.94,put,2021-06-30
IWM210630P00221000,2021-03-03 15:37:51,221.0,16.29,16.47,14.99,put,2021-06-30
IWM210630P00222000,2021-03-03 15:32:58,222.0,16.76,16.94,15.74,put,2021-06-30
IWM210630P00223000,2021-03-03 16:29:17,223.0,17.23,17.43,14.5,put,2021-06-30
IWM210630P00224000,2021-02-25 18:17:00,224.0,17.74,17.92,17.78,put,2021-06-30
IWM210630P00225000,2021-03-03 16:53:31,225.0,18.26,18.43,15.85,put,2021-06-30
IWM210630P00226000,2021-02-24 16:23:42,226.0,18.75,18.95,16.03,put,2021-06-30
IWM210630P00227000,2021-03-01 19:29:51,227.0,19.3,19.48,15.5,put,2021-06-30
IWM210630P00228000,2021-02-17 16:23:11,228.0,19.84,20.03,17.22,put,2021-06-30
IWM210630P00229000,2021-02-17 14:52:10,229.0,20.39,20.58,18.76,put,2021-06-30
IWM210630P00230000,2021-02-25 15:36:43,230.0,20.97,21.15,18.7,put,2021-06-30
IWM210630P00231000,2021-02-16 05:09:08,231.0,21.54,21.74,16.87,put,2021-06-30
IWM210630P00233000,2021-02-16 05:09:08,233.0,22.65,22.94,19.06,put,2021-06-30
IWM210630P00234000,2021-02-26 16:26:11,234.0,23.27,23.56,24.77,put,2021-06-30
IWM210630P00235000,2021-02-08 18:49:26,235.0,23.9,24.19,20.91,put,2021-06-30
IWM210630P00240000,2021-03-02 14:35:10,240.0,27.23,27.54,23.01,put,2021-06-30
IWM210820C00198000,2021-03-01 20:56:30,198.0,30.5,30.77,35.6,call,2021-08-20
IWM210820C00199000,2021-03-01 19:24:25,199.0,34.92,35.24,34.93,call,2021-08-20
IWM210820C00200000,2021-02-25 14:48:24,200.0,29.07,29.33,31.64,call,2021-08-20
IWM210820C00202000,2021-02-25 16:58:02,202.0,27.66,27.93,30.85,call,2021-08-20
IWM210820C00203000,2021-03-01 17:07:30,203.0,26.97,27.23,28.76,call,2021-08-20
IWM210820C00204000,2021-01-22 17:23:15,204.0,31.06,31.44,22.26,call,2021-08-20
IWM210820C00205000,2021-02-25 14:57:07,205.0,25.61,25.87,31.78,call,2021-08-20
IWM210820C00206000,2021-02-08 19:58:23,206.0,24.94,25.19,30.6,call,2021-08-20
IWM210820C00207000,2021-03-01 16:00:39,207.0,24.28,24.53,28.28,call,2021-08-20
IWM210820C00208000,2021-02-23 19:02:49,208.0,23.63,23.85,25.05,call,2021-08-20
IWM210820C00209000,2021-02-19 15:25:13,209.0,22.98,23.22,27.5,call,2021-08-20
IWM210820C00210000,2021-03-01 19:27:53,210.0,22.35,22.56,26.91,call,2021-08-20
IWM210820C00211000,2021-03-01 19:27:53,211.0,21.72,21.93,26.25,call,2021-08-20
IWM210820C00212000,2021-02-16 15:32:17,212.0,21.1,21.31,28.68,call,2021-08-20
IWM210820C00213000,2021-02-17 16:20:09,213.0,20.49,20.7,22.83,call,2021-08-20
IWM210820C00214000,2021-02-26 18:47:53,214.0,19.89,20.09,20.68,call,2021-08-20
IWM210820C00215000,2021-03-02 14:34:22,215.0,19.29,19.5,23.06,call,2021-08-20
IWM210820C00216000,2021-01-27 14:31:59,216.0,18.29,19.11,14.49,call,2021-08-20
IWM210820C00217000,2021-03-03 20:44:37,217.0,18.14,18.35,19.17,call,2021-08-20
IWM210820C00218000,2021-02-26 19:16:29,218.0,17.57,17.79,18.35,call,2021-08-20
IWM210820C00219000,2021-02-26 15:40:38,219.0,17.02,17.23,17.23,call,2021-08-20
IWM210820C00220000,2021-02-26 19:01:16,220.0,16.47,16.68,17.8,call,2021-08-20
IWM210820C00221000,2021-03-03 19:10:22,221.0,15.93,16.14,16.91,call,2021-08-20
IWM210820C00222000,2021-02-08 16:38:14,222.0,15.41,15.61,19.71,call,2021-08-20
IWM210820C00223000,2021-03-01 15:53:51,223.0,14.89,15.09,16.89,call,2021-08-20
IWM210820C00224000,2021-02-25 20:17:23,224.0,14.38,14.59,16.38,call,2021-08-20
IWM210820C00225000,2021-03-03 19:07:09,225.0,13.89,14.09,14.84,call,2021-08-20
IWM210820C00226000,2021-02-26 15:40:30,226.0,13.4,13.6,16.83,call,2021-08-20
IWM210820C00227000,2021-03-03 18:31:19,227.0,12.93,13.12,13.85,call,2021-08-20
IWM210820C00228000,2021-02-22 14:50:07,228.0,12.46,12.66,16.0,call,2021-08-20
IWM210820C00229000,2021-02-25 18:02:59,229.0,12.01,12.2,13.18,call,2021-08-20
IWM210820C00230000,2021-03-03 21:01:13,230.0,11.57,11.76,11.86,call,2021-08-20
IWM210820C00232000,2021-02-26 19:56:57,232.0,10.71,10.89,11.53,call,2021-08-20
IWM210820C00233000,2021-02-26 20:14:01,233.0,10.3,10.48,12.12,call,2021-08-20
IWM210820C00234000,2021-02-19 19:49:36,234.0,9.9,10.08,13.52,call,2021-08-20
IWM210820C00235000,2021-03-02 15:09:41,235.0,9.51,9.68,10.95,call,2021-08-20
IWM210820C00236000,2021-02-25 18:41:05,236.0,9.13,9.3,10.9,call,2021-08-20
IWM210820C00237000,2021-02-26 15:25:43,237.0,8.76,8.93,8.86,call,2021-08-20
IWM210820C00239000,2021-02-22 18:11:28,239.0,8.05,8.22,11.57,call,2021-08-20
IWM210820C00240000,2021-03-01 18:26:20,240.0,7.71,7.88,10.03,call,2021-08-20
IWM210820P00198000,2021-02-09 16:49:37,198.0,10.44,10.6,9.18,put,2021-08-20
IWM210820P00199000,2021-02-26 19:39:33,199.0,10.71,10.88,10.91,put,2021-08-20
IWM210820P00200000,2021-03-03 20:46:58,200.0,11.0,11.17,10.42,put,2021-08-20
IWM210820P00201000,2021-02-26 16:55:32,201.0,11.29,11.46,12.0,put,2021-08-20
IWM210820P00202000,2021-01-25 20:55:50,202.0,9.64,9.82,13.8,put,2021-08-20
IWM210820P00203000,2021-02-10 15:44:06,203.0,9.7,9.88,11.01,put,2021-08-20
IWM210820P00204000,2021-02-26 16:47:58,204.0,12.21,12.39,12.97,put,2021-08-20
IWM210820P00205000,2021-02-26 18:30:26,205.0,12.53,12.71,12.06,put,2021-08-20
IWM210820P00206000,2021-02-18 16:00:25,206.0,12.85,13.04,13.01,put,2021-08-20
IWM210820P00207000,2021-02-24 17:07:46,207.0,13.19,13.38,11.5,put,2021-08-20
IWM210820P00208000,2021-02-01 17:51:31,208.0,13.53,13.72,18.1,put,2021-08-20
IWM210820P00209000,2021-02-26 19:39:33,209.0,13.89,14.08,14.15,put,2021-08-20
IWM210820P00210000,2021-03-03 19:59:30,210.0,14.25,14.44,14.15,put,2021-08-20
IWM210820P00211000,2021-03-03 20:26:35,211.0,14.61,14.8,14.13,put,2021-08-20
IWM210820P00212000,2021-03-01 19:16:28,212.0,14.99,15.19,14.5,put,2021-08-20
IWM210820P00213000,2021-02-26 20:37:25,213.0,15.38,15.57,15.62,put,2021-08-20
IWM210820P00214000,2021-03-03 16:40:58,214.0,15.77,15.97,13.89,put,2021-08-20
IWM210820P00215000,2021-03-03 15:46:22,215.0,16.17,16.38,14.92,put,2021-08-20
IWM210820P00216000,2021-02-23 16:59:43,216.0,16.58,16.79,17.47,put,2021-08-20
IWM210820P00217000,2021-02-26 20:43:25,217.0,17.01,17.22,16.96,put,2021-08-20
IWM210820P00218000,2021-03-01 19:54:06,218.0,17.44,17.65,14.25,put,2021-08-20
IWM210820P00219000,2021-03-01 16:56:14,219.0,17.88,18.09,15.41,put,2021-08-20
IWM210820P00220000,2021-03-03 19:07:38,220.0,18.33,18.55,17.73,put,2021-08-20
IWM210820P00221000,2021-02-26 20:45:25,221.0,18.79,19.01,18.63,put,2021-08-20
IWM210820P00222000,2021-02-26 20:46:01,222.0,19.26,19.48,17.2,put,2021-08-20
IWM210820P00223000,2021-02-26 20:45:29,223.0,19.73,19.96,19.55,put,2021-08-20
IWM210820P00224000,2021-03-02 16:18:09,224.0,20.22,20.46,17.97,put,2021-08-20
IWM210820P00225000,2021-03-03 19:07:08,225.0,20.71,20.96,20.2,put,2021-08-20
IWM210820P00226000,2021-03-01 17:53:09,226.0,21.22,21.47,18.73,put,2021-08-20
IWM210820P00227000,2021-03-02 16:14:45,227.0,21.74,21.99,19.15,put,2021-08-20
IWM210820P00228000,2021-03-03 16:37:35,228.0,22.28,22.53,19.62,put,2021-08-20
IWM210820P00229000,2021-02-26 19:56:57,229.0,22.82,23.07,22.91,put,2021-08-20
IWM210820P00230000,2021-03-03 19:17:49,230.0,23.37,23.63,22.61,put,2021-08-20
IWM210820P00232000,2021-02-26 15:40:06,232.0,24.51,24.77,26.89,put,2021-08-20
IWM210820P00233000,2021-02-22 20:32:31,233.0,25.09,25.36,23.24,put,2021-08-20
IWM210820P00235000,2021-02-09 16:00:28,235.0,26.29,26.56,22.84,put,2021-08-20
IWM210820P00238000,2021-02-25 18:03:06,238.0,28.16,28.45,29.8,put,2021-08-20
IWM210820P00240000,2021-02-09 17:54:18,240.0,29.47,29.76,24.43,put,2021-08-20
IWM210820P00241000,2021-02-23 16:19:25,241.0,30.13,30.43,30.39,put,2021-08-20
